Player,Nation,Pos,Squad,Comp,Age,Born,MP,Starts,Min,90s,Gls,Ast,G+A,G-PK,PK,PKatt,CrdY,CrdR,Gls.1,Ast.1,G+A.1,G-PK.1,G+A-PK,season,Sh,SoT,SoT%,Sh/90,SoT/90,G/Sh,G/SoT,2CrdY,Fls,Fld,Off,Crs,Int,TklW,PKwon,PKcon,OG,match_status,candidate_transfermarkt_ids
Allan,br BRA,MF,Everton,eng Premier League,30,1991,28,25,2183,24.3,0,2,2,0,0,0,7,1,0.0,0.08,0.08,0.0,0.08,21/22,7,3,42.9,0.29,0.12,0.0,0.0,0,30,22,0,11,23,46,,,0,ambiguous_name,126422;385271
Hugo Álvarez,es ESP,"DF,MF",Celta Vigo,es La Liga,18,2003,1,0,11,0.1,0,0,0,0,0,0,0,0,0.0,0.0,0.0,0.0,0.0,21/22,1,0,0.0,8.18,0.0,0.0,,0,0,0,0,0,0,0,,,0,ambiguous_name,75845;892929
Marcos André,br BRA,"FW,MF",Valencia,es La Liga,24,1996,29,8,973,10.8,1,3,4,1,0,0,3,0,0.09,0.28,0.37,0.09,0.37,21/22,30,8,26.7,2.77,0.74,0.03,0.13,0,23,22,4,3,7,12,,,0,ambiguous_name,481084;1084075
Beto,gw GNB,FW,Udinese,it Serie A,23,1998,28,24,2173,24.1,11,0,11,11,0,0,1,0,0.46,0.0,0.46,0.46,0.46,21/22,64,26,40.6,2.65,1.08,0.17,0.42,0,52,24,13,3,5,7,,,0,ambiguous_name,14269;35242;55485;67973;268965;595809
Jesús Corona,mx MEX,"FW,MF",Sevilla,es La Liga,28,1993,18,12,1157,12.9,2,4,6,2,0,0,2,0,0.16,0.31,0.47,0.16,0.47,21/22,12,3,25.0,0.93,0.23,0.17,0.67,0,11,27,7,53,9,7,,,0,ambiguous_name,29574;125165
Mamadou Coulibaly,sn SEN,MF,Salernitana,it Serie A,22,1999,12,9,808,9.0,2,0,2,2,0,0,1,0,0.22,0.0,0.22,0.22,0.22,21/22,10,4,40.0,1.11,0.45,0.2,0.5,0,15,10,0,8,10,12,,,0,ambiguous_name,472161;745173
Matheus Cunha,br BRA,FW,Hertha BSC,de Bundesliga,22,1999,1,1,64,0.7,0,1,1,0,0,0,0,0,0.0,1.41,1.41,0.0,1.41,21/22,2,1,50.0,2.81,1.41,0.0,0.0,0,1,3,0,0,0,0,,,0,ambiguous_name,517894;876739
Matheus Cunha,br BRA,FW,Atlético Madrid,es La Liga,22,1999,29,8,1063,11.8,6,4,10,6,0,0,3,0,0.51,0.34,0.85,0.51,0.85,21/22,37,15,40.5,3.13,1.27,0.16,0.4,0,22,26,1,7,5,12,,,0,ambiguous_name,517894;876739
Danilo,br BRA,"DF,MF",Juventus,it Serie A,30,1991,22,22,1893,21.0,1,2,3,1,0,0,6,0,0.05,0.1,0.14,0.05,0.14,21/22,13,3,23.1,0.62,0.14,0.08,0.33,0,19,11,0,13,30,27,,,0,ambiguous_name,32816;51232;54139;145707;292413;325089;519731;808509
Ben Davies,wls WAL,DF,Tottenham Hotspur,eng Premier League,28,1993,29,28,2538,28.2,1,1,2,1,0,0,6,0,0.04,0.04,0.07,0.04,0.07,21/22,18,7,38.9,0.64,0.25,0.06,0.14,0,31,18,5,18,30,21,,,0,ambiguous_name,67271;192765;257097
Tom Davies,eng ENG,MF,Everton,eng Premier League,23,1998,6,2,234,2.6,1,0,1,1,0,0,1,0,0.38,0.0,0.38,0.38,0.38,21/22,6,2,33.3,2.31,0.77,0.17,0.5,0,4,3,0,0,2,1,,,0,ambiguous_name,314210;854853
Moussa Diaby,fr FRA,MF,Leverkusen,de Bundesliga,22,1999,32,32,2760,30.7,13,12,25,13,0,1,10,1,0.42,0.39,0.82,0.42,0.82,21/22,54,26,48.1,1.76,0.85,0.24,0.5,1,38,25,17,85,8,11,,,0,ambiguous_name,395516;740565
Ibrahima Diallo,fr FRA,MF,Southampton,eng Premier League,22,1999,23,10,1023,11.4,0,2,2,0,0,0,1,0,0.0,0.18,0.18,0.0,0.18,21/22,8,4,50.0,0.7,0.35,0.0,0.0,0,8,15,0,8,7,11,,,0,ambiguous_name,42506;413032
Luis Díaz,co COL,FW,Liverpool,eng Premier League,24,1997,13,11,958,10.6,4,3,7,4,0,0,0,0,0.38,0.28,0.66,0.38,0.66,21/22,38,13,34.2,3.57,1.22,0.11,0.31,0,14,14,3,14,4,7,,,0,ambiguous_name,480692;538984
Éderson,br BRA,MF,Salernitana,it Serie A,22,1999,15,13,1147,12.7,2,1,3,2,0,0,5,0,0.16,0.08,0.24,0.16,0.24,21/22,21,9,42.9,1.65,0.71,0.1,0.22,0,18,34,1,5,18,19,,,0,ambiguous_name,76470;607854
Emerson,br BRA,DF,Barcelona,es La Liga,22,1999,3,1,91,1.0,0,0,0,0,0,0,0,0,0.0,0.0,0.0,0.0,0.0,21/22,0,0,,0.0,0.0,,,0,3,3,0,2,2,2,,,0,ambiguous_name,1969;57159;67916;75140;149582;181778;382171;798448
Emerson,br BRA,"MF,DF",Tottenham Hotspur,eng Premier League,22,1999,31,26,2286,25.4,1,1,2,1,0,0,5,0,0.04,0.04,0.08,0.04,0.08,21/22,15,4,26.7,0.59,0.16,0.07,0.25,0,28,45,2,74,24,44,,,0,ambiguous_name,1969;57159;67916;75140;149582;181778;382171;798448
Sergio Escudero,es ESP,DF,Granada,es La Liga,31,1989,27,15,1434,15.9,2,1,3,2,0,0,6,0,0.13,0.06,0.19,0.13,0.19,21/22,21,4,19.0,1.32,0.25,0.1,0.5,0,14,20,5,31,26,26,,,0,ambiguous_name,54836;93935
Fabinho,br BRA,MF,Liverpool,eng Premier League,27,1993,29,26,2314,25.7,5,1,6,3,2,2,7,0,0.19,0.04,0.23,0.12,0.16,21/22,21,10,47.6,0.82,0.39,0.14,0.3,0,41,28,0,8,38,29,,,0,ambiguous_name,53232;75081;115552;137724;171065;210548;225693;292749;340526;627230;661284;697714;704558;726086
Fábio,br BRA,"DF,MF",Nantes,fr Ligue 1,31,1990,27,21,1667,18.5,0,2,2,0,0,0,8,1,0.0,0.11,0.11,0.0,0.11,21/22,11,1,9.1,0.59,0.05,0.0,0.0,0,30,19,1,35,35,39,,,0,ambiguous_name,22415;61891;95261;99648
Fali,es ESP,"DF,MF",Cádiz,es La Liga,27,1993,28,23,1803,20.0,0,2,2,0,0,0,6,0,0.0,0.1,0.1,0.0,0.1,21/22,14,0,0.0,0.7,0.0,0.0,,0,19,11,0,11,24,19,,,0,ambiguous_name,65281;252667
Felipe,br BRA,DF,Atlético Madrid,es La Liga,32,1989,26,15,1504,16.7,2,1,3,2,0,0,5,1,0.12,0.06,0.18,0.12,0.18,21/22,11,4,36.4,0.66,0.24,0.18,0.5,0,22,14,2,0,28,15,,,0,ambiguous_name,17127;52880;54994;128820;156501;508930;553051
Luiz Felipe,it ITA,DF,Lazio,it Serie A,24,1997,31,28,2491,27.7,0,0,0,0,0,0,9,1,0.0,0.0,0.0,0.0,0.0,21/22,5,2,40.0,0.18,0.07,0.0,0.0,0,28,17,0,2,33,23,,,0,ambiguous_name,373150;457931;548686;573907;877578;1092749
Bruno Fernandes,pt POR,MF,Manchester Utd,eng Premier League,26,1994,36,35,3111,34.6,10,6,16,10,0,2,10,0,0.29,0.17,0.46,0.29,0.46,21/22,89,29,32.6,2.57,0.84,0.11,0.34,0,34,47,3,149,16,27,,,0,ambiguous_name,240306;428253
Álex Fernández,es ESP,MF,Cádiz,es La Liga,28,1992,32,22,2051,22.8,3,2,5,2,1,2,2,0,0.13,0.09,0.22,0.09,0.18,21/22,21,8,38.1,0.92,0.35,0.1,0.25,0,15,23,2,68,29,31,,,0,ambiguous_name,72057;89733
Fernandinho,br BRA,"MF,DF",Manchester City,eng Premier League,36,1985,19,10,964,10.7,2,1,3,2,0,0,1,0,0.19,0.09,0.28,0.19,0.28,21/22,18,4,22.2,1.68,0.37,0.11,0.5,0,14,10,0,2,8,10,,,0,ambiguous_name,26267;54145;79732;80131;230937;442818;639314
Fernando,br BRA,"MF,DF",Sevilla,es La Liga,34,1987,24,21,1850,20.6,1,1,2,1,0,0,6,0,0.05,0.05,0.1,0.05,0.1,21/22,6,1,16.7,0.29,0.05,0.17,1.0,0,16,11,1,1,31,17,,,0,ambiguous_name,15721;19218;51174;57668;76093;105456;158521;424205;550495;731057
Francesco Forte,it ITA,FW,Venezia,it Serie A,28,1993,12,4,422,4.7,1,0,1,1,0,0,3,0,0.21,0.0,0.21,0.21,0.21,21/22,11,2,18.2,2.35,0.43,0.09,0.5,0,11,7,2,2,0,2,,,0,ambiguous_name,164534;382571
Fred,br BRA,MF,Manchester Utd,eng Premier League,28,1993,28,24,2028,22.5,4,4,8,4,0,0,5,0,0.18,0.18,0.36,0.18,0.36,21/22,15,9,60.0,0.67,0.4,0.27,0.44,0,31,30,0,3,31,27,,,1,ambiguous_name,31005;191614
Álvaro García,es ESP,MF,Rayo Vallecano,es La Liga,28,1992,36,34,2998,33.3,7,4,11,7,0,0,6,0,0.21,0.12,0.33,0.21,0.33,21/22,68,24,35.3,2.04,0.72,0.1,0.29,0,24,25,12,192,41,24,,,0,ambiguous_name,64393;98849;257062;495600;891153
Dani García,es ESP,MF,Athletic Club,es La Liga,31,1990,32,27,2177,24.2,0,0,0,0,0,0,9,0,0.0,0.0,0.0,0.0,0.0,21/22,12,2,16.7,0.5,0.08,0.0,0.0,0,44,22,1,4,25,21,,,0,ambiguous_name,7608;178425;451437;935088
David García,es ESP,DF,Osasuna,es La Liga,27,1994,35,35,3105,34.5,4,0,4,4,0,0,8,0,0.12,0.0,0.12,0.12,0.12,21/22,31,4,12.9,0.9,0.12,0.13,1.0,0,53,21,0,0,54,14,,,0,ambiguous_name,7878;44012;62182;298589;327649;971693
Fran Garcia,es ESP,DF,Rayo Vallecano,es La Liga,21,1999,34,34,3025,33.6,1,0,1,1,0,0,4,0,0.03,0.0,0.03,0.03,0.03,21/22,25,8,32.0,0.74,0.24,0.04,0.13,0,24,15,2,127,47,39,,,0,ambiguous_name,152284;341264;512084
Manu García,es ESP,MF,Alavés,es La Liga,23,1998,24,10,1077,12.0,0,1,1,0,0,0,3,0,0.0,0.08,0.08,0.0,0.08,21/22,8,1,12.5,0.67,0.08,0.0,0.0,0,24,33,0,43,12,9,,,0,ambiguous_name,76273;446289
Raúl García,es ESP,FW,Athletic Club,es La Liga,35,1986,35,24,1802,20.0,6,2,8,6,0,1,3,0,0.3,0.1,0.4,0.3,0.4,21/22,44,14,31.8,2.2,0.7,0.14,0.43,0,49,32,11,21,9,14,,,0,ambiguous_name,34601;59341;631002
Rubén García,es ESP,"MF,FW",Osasuna,es La Liga,28,1993,37,30,2375,26.4,1,6,7,1,0,2,1,0,0.04,0.23,0.27,0.04,0.27,21/22,33,12,36.4,1.25,0.45,0.03,0.08,0,35,28,8,199,24,27,,,0,ambiguous_name,213260;325852;361238
Unai García,es ESP,DF,Osasuna,es La Liga,29,1992,18,15,1408,15.6,0,0,0,0,0,0,5,0,0.0,0.0,0.0,0.0,0.0,21/22,8,0,0.0,0.51,0.0,0.0,,0,10,7,0,8,23,12,,,0,ambiguous_name,197122;629384
Dennis Geiger,de GER,MF,Hoffenheim,de Bundesliga,23,1998,20,17,1377,15.3,2,2,4,2,0,0,6,0,0.13,0.13,0.26,0.13,0.26,21/22,14,2,14.3,0.92,0.13,0.14,1.0,0,40,19,0,44,15,24,,,0,ambiguous_name,43008;251309
Gerson,br BRA,"MF,FW",Marseille,fr Ligue 1,24,1997,35,29,2544,28.3,9,4,13,9,0,0,3,0,0.32,0.14,0.46,0.32,0.46,21/22,45,18,40.0,1.59,0.64,0.2,0.5,0,43,63,2,18,14,18,,,0,ambiguous_name,161438;341705
Ben Gibson,eng ENG,DF,Norwich City,eng Premier League,28,1993,28,28,2494,27.7,0,0,0,0,0,0,5,1,0.0,0.0,0.0,0.0,0.0,21/22,8,4,50.0,0.29,0.14,0.0,0.0,1,12,9,0,2,28,17,,,0,ambiguous_name,128904;1109825
Óscar Gil,es ESP,DF,Espanyol,es La Liga,24,1997,22,20,1688,18.8,0,2,2,0,0,0,7,0,0.0,0.11,0.11,0.0,0.11,21/22,6,1,16.7,0.32,0.05,0.0,0.0,0,36,24,2,37,20,35,,,0,ambiguous_name,199341;544106
André Gomes,pt POR,MF,Everton,eng Premier League,28,1993,14,7,619,6.9,0,1,1,0,0,0,3,0,0.0,0.15,0.15,0.0,0.15,21/22,14,4,28.6,2.04,0.58,0.0,0.0,0,24,8,0,6,1,4,,,0,ambiguous_name,221025;670710
Dani Gómez,es ESP,FW,Levante,es La Liga,23,1998,28,11,1063,11.8,4,2,6,4,0,0,1,0,0.34,0.17,0.51,0.34,0.51,21/22,31,14,45.2,2.62,1.19,0.13,0.29,0,18,20,11,6,3,4,,,0,ambiguous_name,72333;422460
Álvaro González,es ESP,"DF,MF",Marseille,fr Ligue 1,31,1990,6,5,451,5.0,0,0,0,0,0,0,1,0,0.0,0.0,0.0,0.0,0.0,21/22,2,0,0.0,0.4,0.0,0.0,,0,7,7,0,0,1,3,,,0,ambiguous_name,55342;55957;183647;228752;458585;529909
Diego González,es ESP,DF,Elche,es La Liga,26,1995,28,19,1793,19.9,0,0,0,0,0,0,3,1,0.0,0.0,0.0,0.0,0.0,21/22,4,1,25.0,0.2,0.05,0.0,0.0,0,24,3,0,0,17,16,,,0,ambiguous_name,349836;513441;560451;674429;873981
Édgar González,es ESP,DF,Real Betis,es La Liga,24,1997,21,14,1464,16.3,1,1,2,1,0,0,6,0,0.06,0.06,0.12,0.06,0.12,21/22,5,1,20.0,0.31,0.06,0.2,1.0,0,21,8,0,1,24,18,,,0,ambiguous_name,53002;401624
Lamine Gueye,sn SEN,"MF,FW",Metz,fr Ligue 1,23,1998,14,7,555,6.2,0,3,3,0,0,0,0,0,0.0,0.49,0.49,0.0,0.49,21/22,13,7,53.8,2.11,1.14,0.0,0.0,0,7,10,3,49,3,4,,,0,ambiguous_name,568701;1118685
Bruno Guimarães,br BRA,MF,Newcastle United,eng Premier League,23,1997,17,11,1034,11.5,5,1,6,5,0,0,4,0,0.44,0.09,0.52,0.44,0.52,21/22,23,12,52.2,2.0,1.04,0.22,0.42,0,13,36,4,12,11,27,,,0,ambiguous_name,520624;876750
Bruno Guimarães,br BRA,MF,Lyon,fr Ligue 1,23,1997,20,19,1634,18.2,0,3,3,0,0,0,2,0,0.0,0.17,0.17,0.0,0.17,21/22,11,2,18.2,0.61,0.11,0.0,0.0,0,30,59,1,27,22,32,,,0,ambiguous_name,520624;876750
Liam Henderson,sct SCO,MF,Empoli,it Serie A,25,1996,38,23,2020,22.4,2,3,5,2,0,0,4,0,0.09,0.13,0.22,0.09,0.22,21/22,42,17,40.5,1.87,0.76,0.05,0.12,0,59,22,3,87,9,13,,,0,ambiguous_name,80593;193867;328429
Henrique,br BRA,"DF,MF",Lyon,fr Ligue 1,27,1994,18,12,1105,12.3,0,1,1,0,0,0,3,0,0.0,0.08,0.08,0.0,0.08,21/22,5,0,0.0,0.41,0.0,0.0,,0,13,14,0,21,21,8,,,0,ambiguous_name,52513;57397;86645;109307;153703;226141;982615;989573
Luis Henrique,br BRA,"MF,FW",Marseille,fr Ligue 1,19,2001,20,7,699,7.8,0,1,1,0,0,0,0,0,0.0,0.13,0.13,0.0,0.13,21/22,6,2,33.3,0.77,0.26,0.0,0.0,0,6,4,5,12,4,3,,,0,ambiguous_name,379877;691316
Luis Hernández,es ESP,DF,Cádiz,es La Liga,32,1989,16,15,1366,15.2,0,0,0,0,0,0,5,0,0.0,0.0,0.0,0.0,0.0,21/22,6,2,33.3,0.4,0.13,0.0,0.0,0,9,7,1,9,16,6,,,0,ambiguous_name,62945;427072;533351
Patrick Herrmann,de GER,MF,Gladbach,de Bundesliga,30,1991,23,5,754,8.4,0,4,4,0,0,0,1,0,0.0,0.48,0.48,0.0,0.48,21/22,13,4,30.8,1.55,0.48,0.0,0.0,0,7,8,4,62,6,8,,,0,ambiguous_name,32711;57101
Jonas Hofmann,de GER,MF,Gladbach,de Bundesliga,29,1992,26,24,2078,23.1,12,5,17,12,0,0,1,0,0.52,0.22,0.74,0.52,0.74,21/22,54,23,42.6,2.34,1.0,0.22,0.52,0,23,20,7,139,13,19,,,0,ambiguous_name,7161;227085
Iago,br BRA,"DF,MF",Augsburg,de Bundesliga,24,1997,28,26,2174,24.2,2,5,7,2,0,0,3,0,0.08,0.21,0.29,0.08,0.29,21/22,12,5,41.7,0.5,0.21,0.17,0.4,0,19,16,4,91,26,27,,,1,ambiguous_name,519874;520468
Igor,br BRA,DF,Fiorentina,it Serie A,23,1998,30,23,2242,24.9,0,0,0,0,0,0,3,0,0.0,0.0,0.0,0.0,0.0,21/22,7,1,14.3,0.28,0.04,0.0,0.0,0,28,5,0,2,30,34,,,0,ambiguous_name,13959;26240
Reece James,eng ENG,MF,Chelsea,eng Premier League,21,1999,26,22,1864,20.7,5,9,14,5,0,0,4,1,0.24,0.43,0.68,0.24,0.68,21/22,37,10,27.0,1.79,0.48,0.14,0.5,0,20,31,4,107,15,24,,,1,ambiguous_name,245585;472423
Mathias Jensen,dk DEN,MF,Brentford,eng Premier League,25,1996,31,19,1601,17.8,0,1,1,0,0,0,0,0,0.0,0.06,0.06,0.0,0.06,21/22,19,5,26.3,1.07,0.28,0.0,0.0,0,19,7,3,81,22,18,,,0,ambiguous_name,319859;695210
João Pedro,br BRA,"FW,MF",Watford,eng Premier League,19,2001,28,15,1644,18.3,3,1,4,3,0,0,1,0,0.16,0.05,0.22,0.16,0.22,21/22,47,16,34.0,2.57,0.88,0.06,0.19,0,15,30,6,24,12,15,,,0,ambiguous_name,25464;44780;129129;298410;342024;351979;376157;428787;626724;658670;689546;862924;867814;876440;987503;992531
Jorginho,it ITA,MF,Chelsea,eng Premier League,29,1991,29,26,2273,25.3,6,2,8,0,6,7,5,0,0.24,0.08,0.32,0.0,0.08,21/22,16,9,56.3,0.63,0.36,0.0,0.0,0,30,38,0,3,35,36,,,0,ambiguous_name,17373;28837;102017;112985;155470;462248
Joselu,es ESP,FW,Alavés,es La Liga,31,1990,37,35,3122,34.7,14,4,18,8,6,7,0,0,0.4,0.12,0.52,0.23,0.35,21/22,97,41,42.3,2.8,1.18,0.08,0.2,0,43,57,11,31,7,11,,,0,ambiguous_name,72061;81999
Juanmi,es ESP,MF,Real Betis,es La Liga,28,1993,33,26,2131,23.7,16,4,20,16,0,0,5,0,0.68,0.17,0.84,0.68,0.84,21/22,54,30,55.6,2.28,1.27,0.3,0.53,0,40,15,18,4,10,26,,,0,ambiguous_name,7484;126737
Koke,es ESP,MF,Atlético Madrid,es La Liga,29,1992,31,29,2508,27.9,1,2,3,1,0,0,6,0,0.04,0.07,0.11,0.04,0.11,21/22,12,6,50.0,0.43,0.22,0.08,0.17,0,29,27,0,34,22,29,,,0,ambiguous_name,16132;74229
Diego Llorente,es ESP,DF,Leeds United,eng Premier League,27,1993,28,28,2340,26.0,3,0,3,3,0,0,7,0,0.12,0.0,0.12,0.12,0.12,21/22,10,3,30.0,0.38,0.12,0.3,1.0,0,23,21,0,1,39,32,,,0,ambiguous_name,246291;710131
David López,es ESP,"MF,DF",Espanyol,es La Liga,31,1989,18,8,743,8.3,0,0,0,0,0,0,1,0,0.0,0.0,0.0,0.0,0.0,21/22,5,4,80.0,0.61,0.48,0.0,0.0,0,9,6,0,0,9,15,,,0,ambiguous_name,25462;129444;640985;711963;947431
Javi López,es ESP,DF,Alavés,es La Liga,19,2002,9,4,462,5.1,0,0,0,0,0,0,2,0,0.0,0.0,0.0,0.0,0.0,21/22,0,0,,0.0,0.0,,,0,6,12,0,14,4,4,,,0,ambiguous_name,72310;129653;568158;697631;705401
Jean Lucas,br BRA,MF,Monaco,fr Ligue 1,23,1998,28,18,1445,16.1,1,1,2,1,0,0,3,1,0.06,0.06,0.12,0.06,0.12,21/22,26,9,34.6,1.62,0.56,0.04,0.11,1,27,25,2,65,14,25,,,0,ambiguous_name,532828;578872
Marcelo,br BRA,DF,Real Madrid,es La Liga,33,1988,12,5,525,5.8,0,2,2,0,0,0,0,0,0.0,0.34,0.34,0.0,0.34,21/22,8,3,37.5,1.37,0.51,0.0,0.0,0,3,8,0,28,1,4,,,0,ambiguous_name,28900;44501;52920;190185;333807;554457;698782;731004
Marcelo,br BRA,DF,Bordeaux,fr Ligue 1,34,1987,11,11,898,10.0,0,0,0,0,0,0,4,0,0.0,0.0,0.0,0.0,0.0,21/22,3,0,0.0,0.3,0.0,0.0,,0,7,2,0,1,11,5,,,1,ambiguous_name,28900;44501;52920;190185;333807;554457;698782;731004
Marcelo,br BRA,DF,Lyon,fr Ligue 1,34,1987,2,2,180,2.0,0,0,0,0,0,0,1,0,0.0,0.0,0.0,0.0,0.0,21/22,2,0,0.0,1.0,0.0,0.0,,0,3,1,0,0,4,3,,,1,ambiguous_name,28900;44501;52920;190185;333807;554457;698782;731004
José Mari,es ESP,MF,Cádiz,es La Liga,33,1987,11,4,386,4.3,0,0,0,0,0,0,3,1,0.0,0.0,0.0,0.0,0.0,21/22,4,2,50.0,0.93,0.47,0.0,0.0,1,8,7,0,1,7,7,,,0,ambiguous_name,6194;51624;225462
Mariano,do DOM,FW,Real Madrid,es La Liga,27,1993,9,3,342,3.8,1,1,2,1,0,0,2,0,0.26,0.26,0.53,0.26,0.53,21/22,14,3,21.4,3.68,0.79,0.07,0.33,0,2,0,4,1,1,0,,,0,ambiguous_name,54155;71497
Marquinhos,br BRA,DF,Paris Saint-Germain,fr Ligue 1,27,1994,32,32,2861,31.8,5,0,5,5,0,0,5,0,0.16,0.0,0.16,0.16,0.16,21/22,21,8,38.1,0.66,0.25,0.24,0.63,0,6,10,1,6,13,15,,,0,ambiguous_name,97;54132;74567;82972;181767;516722;582301;668268;705180;871802
Iván Martín,es ESP,MF,Alavés,es La Liga,22,1999,6,2,166,1.8,0,0,0,0,0,0,0,0,0.0,0.0,0.0,0.0,0.0,21/22,1,0,0.0,0.54,0.0,0.0,,0,2,1,0,3,1,1,,,0,ambiguous_name,339752;341278
Gabriel Martinelli,br BRA,"MF,FW",Arsenal,eng Premier League,20,2001,29,21,1860,20.7,6,6,12,5,1,1,3,1,0.29,0.29,0.58,0.24,0.53,21/22,52,16,30.8,2.52,0.77,0.1,0.31,1,23,20,10,74,19,20,,,0,ambiguous_name,655488;1050805
Javi Martínez,es ESP,MF,Osasuna,es La Liga,21,1999,26,9,879,9.8,1,1,2,1,0,0,1,0,0.1,0.1,0.2,0.1,0.2,21/22,10,2,20.0,1.02,0.2,0.1,0.5,0,15,9,0,31,10,15,,,0,ambiguous_name,44017;51646;73270;405824;471474
Pablo Martínez,es ESP,MF,Levante,es La Liga,23,1998,13,7,656,7.3,0,1,1,0,0,0,2,0,0.0,0.14,0.14,0.0,0.14,21/22,11,1,9.1,1.51,0.14,0.0,0.0,0,12,9,1,14,16,9,,,0,ambiguous_name,282900;568835;737127
Pasquale Mazzocchi,it ITA,DF,Venezia,it Serie A,26,1995,18,15,1243,13.8,0,0,0,0,0,0,3,0,0.0,0.0,0.0,0.0,0.0,21/22,6,0,0.0,0.43,0.0,0.0,,0,22,6,0,46,22,8,,,0,ambiguous_name,250153;1248542
Pasquale Mazzocchi,it ITA,"MF,DF",Salernitana,it Serie A,26,1995,15,15,1269,14.1,0,2,2,0,0,0,2,0,0.0,0.14,0.14,0.0,0.14,21/22,5,2,40.0,0.35,0.14,0.0,0.0,0,18,7,1,79,11,19,,,0,ambiguous_name,250153;1248542
Nuno Mendes,pt POR,DF,Paris Saint-Germain,fr Ligue 1,19,2002,27,18,1658,18.4,0,1,1,0,0,0,3,0,0.0,0.05,0.05,0.0,0.05,21/22,7,1,14.3,0.38,0.05,0.0,0.0,0,18,24,1,40,19,30,,,0,ambiguous_name,14345;616341
Gideon Mensah,gh GHA,"DF,MF",Bordeaux,fr Ligue 1,23,1998,23,13,1208,13.4,0,2,2,0,0,0,1,1,0.0,0.15,0.15,0.0,0.15,21/22,2,0,0.0,0.15,0.0,0.0,,0,16,5,2,56,13,24,,,0,ambiguous_name,397171;543496
Miguel,es ESP,"FW,MF",Alavés,es La Liga,21,1999,22,10,829,9.2,1,1,2,1,0,0,2,0,0.11,0.11,0.22,0.11,0.22,21/22,22,4,18.2,2.39,0.43,0.05,0.25,0,19,20,5,6,1,3,,,0,ambiguous_name,13225;984063
Alberto Moreno,es ESP,"MF,DF",Villarreal,es La Liga,29,1992,24,13,1223,13.6,3,2,5,3,0,0,3,0,0.22,0.15,0.37,0.22,0.37,21/22,22,10,45.5,1.62,0.74,0.14,0.3,0,19,21,6,46,25,7,,,0,ambiguous_name,207917;568149
Lucas Moura,br BRA,"MF,FW",Tottenham Hotspur,eng Premier League,28,1992,34,19,1775,19.7,2,6,8,2,0,0,4,0,0.1,0.3,0.41,0.1,0.41,21/22,37,11,29.7,1.88,0.56,0.05,0.18,0,20,37,3,33,16,10,,,0,ambiguous_name,77100;1070035
João Moutinho,pt POR,MF,Wolves,eng Premier League,34,1986,35,34,2970,33.0,2,1,3,2,0,0,4,0,0.06,0.03,0.09,0.06,0.09,21/22,20,7,35.0,0.61,0.21,0.1,0.29,0,37,15,0,109,28,40,,,0,ambiguous_name,29364;461906
Otávio,br BRA,MF,Bordeaux,fr Ligue 1,27,1994,16,13,1147,12.7,0,0,0,0,0,0,3,0,0.0,0.0,0.0,0.0,0.0,21/22,12,3,25.0,0.94,0.24,0.0,0.0,0,21,10,0,4,16,22,,,0,ambiguous_name,65937;231289;312314;818495
Patric,es ESP,DF,Lazio,it Serie A,28,1993,24,19,1649,18.3,1,1,2,1,0,0,7,1,0.05,0.05,0.11,0.05,0.11,21/22,6,2,33.3,0.33,0.11,0.17,0.5,1,24,7,0,1,13,15,,,1,ambiguous_name,95087;126729;174947
Paulinho,br BRA,MF,Leverkusen,de Bundesliga,21,2000,24,14,1218,13.5,4,1,5,4,0,0,1,0,0.3,0.07,0.37,0.3,0.37,21/22,27,14,51.9,2.0,1.03,0.15,0.29,0,10,17,3,20,6,14,,,0,ambiguous_name,4851;12034;24887;29424;57229;95274;99496;115769;153621;175380;211072;212923;259461;372670;411562;428791;520492;547188;842718;866880;906328;1082692;1083888
Mads Pedersen,dk DEN,"MF,DF",Augsburg,de Bundesliga,24,1996,29,15,1391,15.5,2,1,3,2,0,0,5,0,0.13,0.06,0.19,0.13,0.19,21/22,19,6,31.6,1.23,0.39,0.11,0.33,0,24,30,3,48,15,22,,,0,ambiguous_name,148369;288429
Pedro,es ESP,FW,Lazio,it Serie A,34,1987,32,25,2033,22.6,9,4,13,9,0,0,5,0,0.4,0.18,0.58,0.4,0.58,21/22,36,20,55.6,1.59,0.89,0.25,0.45,0,31,39,6,29,6,23,,,0,ambiguous_name,57840;65278;432895;1004741
João Pedro,it ITA,FW,Cagliari,it Serie A,29,1992,37,37,3323,36.9,13,4,17,10,3,4,9,0,0.35,0.11,0.46,0.27,0.38,21/22,91,38,41.8,2.46,1.03,0.11,0.26,0,68,84,31,14,8,11,,,0,ambiguous_name,25464;44780;129129;298410;342024;351979;376157;428787;626724;658670;689546;862924;867814;876440;987503;992531
Lorenzo Pellegrini,it ITA,MF,Roma,it Serie A,25,1996,28,27,2289,25.4,9,3,12,7,2,3,8,1,0.35,0.12,0.47,0.28,0.39,21/22,92,31,33.7,3.62,1.22,0.08,0.23,1,46,49,9,171,24,15,,,0,ambiguous_name,286297;889687
Lucas Pérez,es ESP,FW,Elche,es La Liga,32,1988,18,16,1266,14.1,2,1,3,2,0,0,0,0,0.14,0.07,0.21,0.14,0.21,21/22,14,5,35.7,1.0,0.36,0.14,0.4,0,5,15,10,45,4,1,,,0,ambiguous_name,73185;935499
Lucas Pérez,es ESP,FW,Cádiz,es La Liga,32,1988,15,11,1060,11.8,3,2,5,3,0,0,1,0,0.25,0.17,0.42,0.25,0.42,21/22,15,5,33.3,1.27,0.42,0.2,0.6,0,4,9,10,67,0,3,,,0,ambiguous_name,73185;935499
Rafinha,br BRA,"FW,MF",Paris Saint-Germain,fr Ligue 1,28,1993,5,3,220,2.4,0,0,0,0,0,0,0,0,0.0,0.0,0.0,0.0,0.0,21/22,5,0,0.0,2.05,0.0,0.0,,0,4,5,0,1,4,10,,,0,ambiguous_name,33947;52894;129473;143439;170385;205022;213727;520750;700934;1053934;1152257
Rafinha,br BRA,"MF,FW",Real Sociedad,es La Liga,28,1993,17,13,1050,11.7,1,0,1,1,0,0,3,0,0.09,0.0,0.09,0.09,0.09,21/22,14,2,14.3,1.2,0.17,0.07,0.5,0,21,38,0,21,13,27,,,0,ambiguous_name,33947;52894;129473;143439;170385;205022;213727;520750;700934;1053934;1152257
Aaron Ramsey,wls WAL,MF,Juventus,it Serie A,30,1990,3,1,99,1.1,0,0,0,0,0,0,0,0,0.0,0.0,0.0,0.0,0.0,21/22,0,0,,0.0,0.0,,,0,2,1,0,0,1,0,,,0,ambiguous_name,50057;646658
Raphinha,br BRA,"MF,FW",Leeds United,eng Premier League,24,1996,35,34,2915,32.4,11,3,14,7,4,4,7,0,0.34,0.09,0.43,0.22,0.31,21/22,87,25,28.7,2.69,0.77,0.08,0.28,0,39,47,14,160,28,28,,,0,ambiguous_name,411295;796604
Tyler Roberts,wls WAL,"MF,FW",Leeds United,eng Premier League,22,1999,23,7,987,11.0,1,1,2,1,0,0,5,0,0.09,0.09,0.18,0.09,0.18,21/22,30,13,43.3,2.74,1.19,0.03,0.08,0,14,19,3,15,5,8,,,0,ambiguous_name,296986;663228
Rodri,es ESP,MF,Real Betis,es La Liga,21,2000,21,10,881,9.8,1,2,3,1,0,0,1,0,0.1,0.2,0.31,0.1,0.31,21/22,15,7,46.7,1.53,0.72,0.07,0.14,0,2,16,1,11,2,7,,,0,ambiguous_name,8163;70912;357565;380952;858250
Rodri,es ESP,MF,Manchester City,eng Premier League,25,1996,33,33,2884,32.0,7,2,9,7,0,0,5,0,0.22,0.06,0.28,0.22,0.28,21/22,45,14,31.1,1.4,0.44,0.16,0.5,0,43,20,0,9,29,46,,,0,ambiguous_name,8163;70912;357565;380952;858250
Rodrigo,es ESP,"MF,FW",Leeds United,eng Premier League,30,1991,31,27,2265,25.2,6,1,7,5,1,1,9,0,0.24,0.04,0.28,0.2,0.24,21/22,47,18,38.3,1.87,0.72,0.11,0.28,0,21,30,4,29,10,9,,,0,ambiguous_name,29528;131505;325510;349420;884101;1009017;1220397
Dani Rodríguez,es ESP,MF,Mallorca,es La Liga,33,1988,36,33,2832,31.5,3,3,6,3,0,0,7,0,0.1,0.1,0.19,0.1,0.19,21/22,42,10,23.8,1.33,0.32,0.07,0.3,0,65,68,3,56,19,30,,,0,ambiguous_name,139435;834470
Ricardo Rodríguez,ch SUI,DF,Torino,it Serie A,28,1992,34,28,2473,27.5,0,1,1,0,0,0,3,0,0.0,0.04,0.04,0.0,0.04,21/22,9,0,0.0,0.33,0.0,0.0,,0,26,11,0,68,40,20,,,0,ambiguous_name,86784;820227
Rogério,br BRA,DF,Sassuolo,it Serie A,23,1998,23,19,1729,19.2,0,1,1,0,0,0,5,0,0.0,0.05,0.05,0.0,0.05,21/22,14,4,28.6,0.73,0.21,0.0,0.0,0,15,34,1,83,20,14,,,0,ambiguous_name,13197;160866;175256;357788;401527
Danny Rose,eng ENG,DF,Watford,eng Premier League,31,1990,8,7,689,7.7,0,0,0,0,0,0,4,0,0.0,0.0,0.0,0.0,0.0,21/22,4,1,25.0,0.52,0.13,0.0,0.0,0,10,14,0,26,14,14,,,0,ambiguous_name,50174;67236;185702
Ruan,br BRA,DF,Sassuolo,it Serie A,22,1999,10,0,214,2.4,0,0,0,0,0,0,1,0,0.0,0.0,0.0,0.0,0.0,21/22,0,0,,0.0,0.0,,,0,4,8,0,1,2,4,,,0,ambiguous_name,162937;520491;555015;1053933
Víctor Ruiz,es ESP,DF,Real Betis,es La Liga,32,1989,18,17,1424,15.8,0,0,0,0,0,0,2,0,0.0,0.0,0.0,0.0,0.0,21/22,7,1,14.3,0.44,0.06,0.0,0.0,0,12,2,2,0,29,9,,,0,ambiguous_name,62920;199375;336857
Antonio Sánchez,es ESP,MF,Mallorca,es La Liga,24,1997,29,19,1616,18.0,1,0,1,1,0,0,3,1,0.06,0.0,0.06,0.06,0.06,21/22,18,4,22.2,1.0,0.22,0.06,0.25,0,40,27,3,17,29,26,,,0,ambiguous_name,513031;833271;881217
Manu Sánchez,es ESP,DF,Osasuna,es La Liga,20,2000,33,25,2257,25.1,1,3,4,1,0,0,6,0,0.04,0.12,0.16,0.04,0.16,21/22,6,1,16.7,0.24,0.04,0.17,1.0,0,32,16,0,71,17,36,,,0,ambiguous_name,7785;374142;618809
Alex Sandro,br BRA,DF,Juventus,it Serie A,30,1991,28,17,1780,19.8,0,1,1,0,0,0,3,0,0.0,0.05,0.05,0.0,0.05,21/22,9,2,22.2,0.46,0.1,0.0,0.0,0,31,34,1,35,27,16,,,1,ambiguous_name,79960;552892
Stefan Savić,me MNE,DF,Atlético Madrid,es La Liga,30,1991,28,28,2440,27.1,0,0,0,0,0,0,12,0,0.0,0.0,0.0,0.0,0.0,21/22,15,5,33.3,0.55,0.18,0.0,0.0,0,30,22,3,2,36,21,,,1,ambiguous_name,107010;120192
Djibril Sidibé,fr FRA,DF,Monaco,fr Ligue 1,29,1992,17,12,949,10.5,0,0,0,0,0,0,6,0,0.0,0.0,0.0,0.0,0.0,21/22,4,1,25.0,0.38,0.09,0.0,0.0,0,17,9,0,23,20,12,,,0,ambiguous_name,5301;161869
André Silva,pt POR,FW,RB Leipzig,de Bundesliga,25,1995,33,24,2076,23.1,11,3,14,8,3,3,1,0,0.48,0.13,0.61,0.35,0.48,21/22,58,28,48.3,2.51,1.21,0.14,0.29,0,20,28,16,7,4,9,,,0,ambiguous_name,198008;565232;650165
David Silva,es ESP,"MF,FW",Real Sociedad,es La Liga,35,1986,25,22,1720,19.1,2,4,6,2,0,0,4,1,0.1,0.21,0.31,0.1,0.31,21/22,21,6,28.6,1.1,0.31,0.1,0.33,0,23,25,3,30,6,17,,,0,ambiguous_name,35518;86759
Gabriel Silva,br BRA,"DF,MF",Saint-Étienne,fr Ligue 1,30,1991,13,9,713,7.9,0,0,0,0,0,0,1,0,0.0,0.0,0.0,0.0,0.0,21/22,1,0,0.0,0.13,0.0,0.0,,0,8,15,0,7,17,7,,,0,ambiguous_name,114340;627224;692777;983109
Thiago Silva,br BRA,DF,Chelsea,eng Premier League,36,1984,32,28,2650,29.4,3,0,3,3,0,0,2,0,0.1,0.0,0.1,0.1,0.1,21/22,18,5,27.8,0.61,0.17,0.17,0.6,0,12,12,1,2,43,21,,,0,ambiguous_name,29241;68293;294817
Luis Suárez,uy URU,FW,Atlético Madrid,es La Liga,34,1987,35,20,1835,20.4,11,2,13,9,2,3,7,0,0.54,0.1,0.64,0.44,0.54,21/22,54,26,48.1,2.65,1.28,0.17,0.35,0,20,26,12,6,1,5,,,0,ambiguous_name,44352;424784
Mamadou Sylla,sn SEN,FW,Alavés,es La Liga,27,1994,13,4,394,4.4,0,0,0,0,0,0,1,0,0.0,0.0,0.0,0.0,0.0,21/22,2,0,0.0,0.46,0.0,0.0,,0,8,6,6,11,1,2,,,0,ambiguous_name,166683;654177;776892
Mamadou Sylla,sn SEN,FW,Rayo Vallecano,es La Liga,27,1994,12,1,253,2.8,0,0,0,0,0,0,2,0,0.0,0.0,0.0,0.0,0.0,21/22,11,1,9.1,3.91,0.36,0.0,0.0,0,8,4,2,6,3,1,,,0,ambiguous_name,166683;654177;776892
Luke Thomas,eng ENG,"DF,MF",Leicester City,eng Premier League,20,2001,22,21,1912,21.2,0,1,1,0,0,0,2,0,0.0,0.05,0.05,0.0,0.05,21/22,4,0,0.0,0.19,0.0,0.0,,0,15,15,0,33,42,31,,,0,ambiguous_name,399473;505194
Pau Torres,es ESP,DF,Villarreal,es La Liga,24,1997,33,33,2855,31.7,5,1,6,5,0,0,5,0,0.16,0.03,0.19,0.16,0.19,21/22,24,9,37.5,0.76,0.28,0.21,0.56,0,14,16,0,5,19,19,,,0,ambiguous_name,65302;399776
Adama Traoré,es ESP,FW,Barcelona,es La Liga,25,1996,11,4,382,4.2,0,2,2,0,0,0,0,0,0.0,0.47,0.47,0.0,0.47,21/22,9,3,33.3,2.12,0.71,0.0,0.0,0,7,7,2,36,3,2,,,0,ambiguous_name,70209;204103;262608;364405
Adama Traoré,es ESP,"FW,MF",Wolves,eng Premier League,25,1996,20,10,1067,11.9,1,0,1,1,0,0,0,0,0.08,0.0,0.08,0.08,0.08,21/22,23,5,21.7,1.94,0.42,0.04,0.2,0,10,26,9,39,2,5,,,0,ambiguous_name,70209;204103;262608;364405
Tuta,br BRA,DF,Eintracht Frankfurt,de Bundesliga,22,1999,26,26,2183,24.3,4,0,4,4,0,0,4,1,0.16,0.0,0.16,0.16,0.16,21/22,15,6,40.0,0.62,0.25,0.27,0.67,1,37,12,1,4,44,31,,,0,ambiguous_name,29673;546213
Enes Ünal,tr TUR,FW,Getafe,es La Liga,24,1997,37,33,2798,31.1,16,1,17,14,2,4,8,0,0.51,0.03,0.55,0.45,0.48,21/22,86,28,32.6,2.77,0.9,0.16,0.5,0,77,70,14,15,5,22,,,0,ambiguous_name,251106;288697
Vanderson,br BRA,"MF,DF",Monaco,fr Ligue 1,20,2001,17,12,1120,12.4,2,1,3,2,0,0,3,0,0.16,0.08,0.24,0.16,0.24,21/22,14,6,42.9,1.13,0.48,0.14,0.33,0,18,11,3,28,11,21,,,0,ambiguous_name,56761;789082
Jesus Vazquez,es ESP,"MF,DF",Valencia,es La Liga,18,2003,15,8,813,9.0,0,0,0,0,0,0,0,0,0.0,0.0,0.0,0.0,0.0,21/22,4,1,25.0,0.44,0.11,0.0,0.0,0,14,8,0,24,9,12,,,0,ambiguous_name,210126;553007;623024
Burak Yılmaz,tr TUR,FW,Lille,fr Ligue 1,36,1985,31,25,2211,24.6,4,3,7,2,2,2,9,1,0.16,0.12,0.28,0.08,0.2,21/22,71,28,39.4,2.89,1.14,0.03,0.07,0,24,23,41,42,2,3,,,0,ambiguous_name,34987;291927
Abner,br BRA,DF,Real Betis,es La Liga,22,2000,13,7,607,6.7,0,0,0,0,0,0,2,0,0.0,0.0,0.0,0.0,0.0,22/23,5,2,40.0,0.74,0.3,0.0,0.0,0,8,2,0,13,8,9,,,0,ambiguous_name,646402;1086632
Agustín Álvarez,uy URU,FW,Sassuolo,it Serie A,21,2001,22,1,368,4.1,1,1,2,1,0,0,1,0,0.24,0.24,0.49,0.24,0.49,22/23,14,4,28.6,3.42,0.98,0.07,0.25,0,8,4,2,4,2,3,,,0,ambiguous_name,688380;812625;907294
Marcos André,br BRA,FW,Valencia,es La Liga,25,1996,17,3,447,5.0,1,0,1,1,0,0,2,1,0.2,0.0,0.2,0.2,0.2,22/23,17,2,11.8,3.42,0.4,0.06,0.5,0,8,12,1,1,0,1,,,0,ambiguous_name,481084;1084075
Marcos Antônio,br BRA,MF,Lazio,it Serie A,22,2000,16,6,594,6.6,1,1,2,1,0,0,2,0,0.15,0.15,0.3,0.15,0.3,22/23,3,1,33.3,0.45,0.15,0.33,1.0,0,9,15,0,0,12,5,,,0,ambiguous_name,123708;468301
Antony,br BRA,MF,Manchester Utd,eng Premier League,22,2000,25,23,1802,20.0,4,2,6,4,0,0,5,0,0.2,0.1,0.3,0.2,0.3,22/23,72,24,33.3,3.6,1.2,0.06,0.17,0,15,25,2,32,11,9,,,0,ambiguous_name,602105;798687
Beto,gw GNB,FW,Udinese,it Serie A,24,1998,33,23,2129,23.7,10,1,11,9,1,1,2,0,0.42,0.04,0.47,0.38,0.42,22/23,61,22,36.1,2.58,0.93,0.15,0.41,0,36,26,9,9,6,8,,,0,ambiguous_name,14269;35242;55485;67973;268965;595809
Hugo Bueno,es ESP,DF,Wolves,eng Premier League,19,2002,21,16,1310,14.6,0,1,1,0,0,0,1,0,0.0,0.07,0.07,0.0,0.07,22/23,4,1,25.0,0.27,0.07,0.0,0.0,0,7,7,1,60,9,16,,,0,ambiguous_name,281798;698678
Mohamed Camara,gn GUI,MF,Roma,it Serie A,25,1997,15,8,696,7.7,0,0,0,0,0,0,3,0,0.0,0.0,0.0,0.0,0.0,22/23,11,1,9.1,1.42,0.13,0.0,0.0,0,15,7,0,6,10,10,,,0,ambiguous_name,13044;99946;426723;543382;600884
Mohamed Camara,ml MLI,MF,Monaco,fr Ligue 1,22,2000,29,25,2194,24.4,0,3,3,0,0,0,6,1,0.0,0.12,0.12,0.0,0.12,22/23,27,6,22.2,1.11,0.25,0.0,0.0,0,44,59,0,5,27,43,,,0,ambiguous_name,13044;99946;426723;543382;600884
Ousmane Camara,ml MLI,DF,Angers,fr Ligue 1,19,2003,9,6,521,5.8,0,0,0,0,0,0,2,0,0.0,0.0,0.0,0.0,0.0,22/23,1,1,100.0,0.17,0.17,0.0,0.0,0,5,2,0,0,11,6,,,0,ambiguous_name,804711;827950
Ousmane Camara,gn GUI,FW,Auxerre,fr Ligue 1,20,2001,3,0,24,0.3,0,0,0,0,0,0,1,0,0.0,0.0,0.0,0.0,0.0,22/23,1,0,0.0,3.75,0.0,0.0,,0,2,0,0,2,0,1,,,0,ambiguous_name,804711;827950
Jesús Corona,mx MEX,MF,Sevilla,es La Liga,29,1993,4,1,111,1.2,1,0,1,1,0,0,0,0,0.81,0.0,0.81,0.81,0.81,22/23,1,1,100.0,0.81,0.81,1.0,1.0,0,2,5,1,3,2,0,,,0,ambiguous_name,29574;125165
Diego Costa,es ESP,FW,Wolves,eng Premier League,33,1988,23,16,1241,13.8,1,0,1,1,0,0,5,1,0.07,0.0,0.07,0.07,0.07,22/23,28,14,50.0,2.03,1.02,0.04,0.07,0,29,10,16,6,1,1,,,0,ambiguous_name,44779;546212
Juan Cruz,es ESP,MF,Real Betis,es La Liga,22,2000,6,1,178,2.0,1,0,1,1,0,0,1,0,0.51,0.0,0.51,0.51,0.51,22/23,5,2,40.0,2.53,1.01,0.2,0.5,0,4,2,1,6,0,0,,,0,ambiguous_name,169497;585700;714131;1287500
Matheus Cunha,br BRA,FW,Wolves,eng Premier League,23,1999,17,12,965,10.7,2,0,2,2,0,0,1,0,0.19,0.0,0.19,0.19,0.19,22/23,26,7,26.9,2.42,0.65,0.08,0.29,0,20,21,3,8,8,3,,,0,ambiguous_name,517894;876739
Matheus Cunha,br BRA,"MF,FW",Atlético Madrid,es La Liga,23,1999,11,2,377,4.2,0,2,2,0,0,0,2,0,0.0,0.48,0.48,0.0,0.48,22/23,12,8,66.7,2.86,1.91,0.0,0.0,0,7,6,1,3,2,1,,,0,ambiguous_name,517894;876739
Danilo,br BRA,DF,Juventus,it Serie A,31,1991,37,35,3184,35.4,3,3,6,3,0,0,5,0,0.08,0.08,0.17,0.08,0.17,22/23,32,5,15.6,0.9,0.14,0.09,0.6,0,33,17,0,18,46,64,,,0,ambiguous_name,32816;51232;54139;145707;292413;325089;519731;808509
Ben Davies,wls WAL,"DF,MF",Tottenham Hotspur,eng Premier League,29,1993,31,26,2288,25.4,2,2,4,2,0,0,4,0,0.08,0.08,0.16,0.08,0.16,22/23,14,5,35.7,0.55,0.2,0.14,0.4,0,30,17,1,36,19,12,,,0,ambiguous_name,67271;192765;257097
Tom Davies,eng ENG,MF,Everton,eng Premier League,24,1998,19,4,538,6.0,0,0,0,0,0,0,3,0,0.0,0.0,0.0,0.0,0.0,22/23,9,2,22.2,1.51,0.33,0.0,0.0,0,10,6,1,2,3,9,,,0,ambiguous_name,314210;854853
Moussa Diaby,fr FRA,"FW,MF",Leverkusen,de Bundesliga,23,1999,33,33,2699,30.0,9,8,17,9,0,1,4,0,0.3,0.27,0.57,0.3,0.57,22/23,80,35,43.8,2.67,1.17,0.11,0.26,0,18,24,10,95,5,9,,,0,ambiguous_name,395516;740565
Ibrahima Diallo,fr FRA,MF,Southampton,eng Premier League,23,1999,18,11,819,9.1,0,0,0,0,0,0,4,0,0.0,0.0,0.0,0.0,0.0,22/23,6,0,0.0,0.66,0.0,0.0,,0,18,7,0,4,7,15,,,0,ambiguous_name,42506;413032
Moussa Diarra,ml MLI,DF,Toulouse,fr Ligue 1,21,2000,23,12,1225,13.6,0,1,1,0,0,0,0,0,0.0,0.07,0.07,0.0,0.07,22/23,1,0,0.0,0.07,0.0,0.0,,0,19,17,1,14,18,10,,,0,ambiguous_name,694509;806249;923080
Luis Díaz,co COL,FW,Liverpool,eng Premier League,25,1997,17,11,996,11.1,4,2,6,4,0,0,2,0,0.36,0.18,0.54,0.36,0.54,22/23,27,8,29.6,2.44,0.72,0.15,0.5,0,20,23,3,8,5,11,,,0,ambiguous_name,480692;538984
Dodô,br BRA,DF,Fiorentina,it Serie A,23,1998,33,28,2331,25.9,1,3,4,1,0,0,5,1,0.04,0.12,0.15,0.04,0.15,22/23,11,4,36.4,0.42,0.15,0.09,0.25,1,28,39,0,61,24,22,,,0,ambiguous_name,52666;109038;138515;281837;401529;704909;978117
Éderson,br BRA,MF,Atalanta,it Serie A,23,1999,35,25,2215,24.6,1,1,2,1,0,0,4,0,0.04,0.04,0.08,0.04,0.08,22/23,36,10,27.8,1.46,0.41,0.03,0.1,0,28,43,0,15,34,37,,,0,ambiguous_name,76470;607854
Emerson,br BRA,"MF,DF",Tottenham Hotspur,eng Premier League,23,1999,26,20,1735,19.3,2,1,3,2,0,0,2,1,0.1,0.05,0.16,0.1,0.16,22/23,17,7,41.2,0.88,0.36,0.12,0.29,0,21,33,0,47,18,36,,,0,ambiguous_name,1969;57159;67916;75140;149582;181778;382171;798448
Sergio Escudero,es ESP,"DF,MF",Valladolid,es La Liga,32,1989,23,17,1439,16.0,1,0,1,1,0,0,3,0,0.06,0.0,0.06,0.06,0.06,22/23,27,9,33.3,1.69,0.56,0.04,0.11,0,19,19,1,56,26,19,,,0,ambiguous_name,54836;93935
Fabinho,br BRA,MF,Liverpool,eng Premier League,28,1993,36,31,2671,29.7,0,2,2,0,0,0,11,0,0.0,0.07,0.07,0.0,0.07,22/23,18,4,22.2,0.61,0.13,0.0,0.0,0,53,24,0,5,36,37,,,0,ambiguous_name,53232;75081;115552;137724;171065;210548;225693;292749;340526;627230;661284;697714;704558;726086
Fábio,br BRA,"DF,MF",Nantes,fr Ligue 1,32,1990,6,3,224,2.5,0,0,0,0,0,0,1,1,0.0,0.0,0.0,0.0,0.0,22/23,3,2,66.7,1.21,0.8,0.0,0.0,0,3,1,0,6,3,1,,,0,ambiguous_name,22415;61891;95261;99648
Fali,es ESP,"DF,MF",Cádiz,es La Liga,28,1993,25,22,1714,19.0,0,0,0,0,0,0,6,0,0.0,0.0,0.0,0.0,0.0,22/23,9,1,11.1,0.47,0.05,0.0,0.0,0,16,18,1,2,13,20,,,0,ambiguous_name,65281;252667
Felipe,br BRA,DF,Atlético Madrid,es La Liga,33,1989,3,2,194,2.2,0,0,0,0,0,0,0,0,0.0,0.0,0.0,0.0,0.0,22/23,1,0,0.0,0.46,0.0,0.0,,0,4,3,0,0,0,2,,,0,ambiguous_name,17127;52880;54994;128820;156501;508930;553051
Felipe,br BRA,DF,Nottingham Forest,eng Premier League,33,1989,16,15,1418,15.8,0,1,1,0,0,0,4,0,0.0,0.06,0.06,0.0,0.06,22/23,13,1,7.7,0.83,0.06,0.0,0.0,0,15,12,4,2,38,23,,,0,ambiguous_name,17127;52880;54994;128820;156501;508930;553051
Luiz Felipe,it ITA,DF,Real Betis,es La Liga,25,1997,23,22,1763,19.6,0,0,0,0,0,0,3,3,0.0,0.0,0.0,0.0,0.0,22/23,3,1,33.3,0.15,0.05,0.0,0.0,0,10,10,0,2,27,23,,,0,ambiguous_name,373150;457931;548686;573907;877578;1092749
Bruno Fernandes,pt POR,MF,Manchester Utd,eng Premier League,27,1994,37,37,3316,36.8,8,8,16,6,2,2,6,0,0.22,0.22,0.43,0.16,0.38,22/23,92,35,38.0,2.5,0.95,0.07,0.17,0,41,39,15,141,25,42,,,0,ambiguous_name,240306;428253
Álex Fernández,es ESP,"MF,FW",Cádiz,es La Liga,29,1992,28,17,1576,17.5,3,0,3,2,1,1,0,0,0.17,0.0,0.17,0.11,0.11,22/23,17,9,52.9,0.97,0.51,0.12,0.22,0,7,14,0,36,8,8,,,0,ambiguous_name,72057;89733
Carlos Fernández,es ESP,FW,Real Sociedad,es La Liga,26,1996,24,8,631,7.0,1,0,1,1,0,0,6,0,0.14,0.0,0.14,0.14,0.14,22/23,21,5,23.8,3.0,0.71,0.05,0.2,0,17,15,9,0,1,4,,,0,ambiguous_name,199133;216464;358197
Joaquín Fernández,es ESP,DF,Valladolid,es La Liga,26,1996,27,24,2156,24.0,1,0,1,1,0,0,4,0,0.04,0.0,0.04,0.04,0.04,22/23,10,1,10.0,0.42,0.04,0.1,1.0,0,16,11,3,1,28,28,,,1,ambiguous_name,221321;580142
Fernando,br BRA,"MF,DF",Sevilla,es La Liga,35,1987,22,19,1577,17.5,0,1,1,0,0,0,3,1,0.0,0.06,0.06,0.0,0.06,22/23,6,0,0.0,0.34,0.0,0.0,,0,17,9,0,2,24,21,,,1,ambiguous_name,15721;19218;51174;57668;76093;105456;158521;424205;550495;731057
Fred,br BRA,MF,Manchester Utd,eng Premier League,29,1993,35,12,1249,13.9,2,2,4,2,0,0,6,0,0.14,0.14,0.29,0.14,0.29,22/23,26,5,19.2,1.87,0.36,0.08,0.4,0,33,22,1,14,19,31,,,0,ambiguous_name,31005;191614
Álvaro García,es ESP,MF,Rayo Vallecano,es La Liga,29,1992,35,34,2870,31.9,5,5,10,5,0,0,7,0,0.16,0.16,0.31,0.16,0.31,22/23,52,21,40.4,1.63,0.66,0.1,0.24,0,36,33,12,159,34,29,,,0,ambiguous_name,64393;98849;257062;495600;891153
Borja García,es ESP,"MF,FW",Girona,es La Liga,31,1990,11,10,679,7.5,1,0,1,1,0,0,1,0,0.13,0.0,0.13,0.13,0.13,22/23,8,3,37.5,1.06,0.4,0.13,0.33,0,4,20,3,17,5,4,,,0,ambiguous_name,67808;89368;381237
Dani García,es ESP,MF,Athletic Club,es La Liga,32,1990,25,18,1485,16.5,0,2,2,0,0,0,6,0,0.0,0.12,0.12,0.0,0.12,22/23,9,0,0.0,0.55,0.0,0.0,,0,33,14,0,5,19,24,,,0,ambiguous_name,7608;178425;451437;935088
David García,es ESP,DF,Osasuna,es La Liga,28,1994,32,31,2680,29.8,2,0,2,2,0,0,8,1,0.07,0.0,0.07,0.07,0.07,22/23,15,3,20.0,0.5,0.1,0.13,0.67,0,54,15,0,2,48,18,,,0,ambiguous_name,7878;44012;62182;298589;327649;971693
Fran Garcia,es ESP,DF,Rayo Vallecano,es La Liga,22,1999,38,38,3407,37.9,2,3,5,2,0,0,1,0,0.05,0.08,0.13,0.05,0.13,22/23,30,11,36.7,0.79,0.29,0.07,0.18,0,23,26,3,156,45,54,,,0,ambiguous_name,152284;341264;512084
Raúl García,es ESP,"MF,FW",Athletic Club,es La Liga,36,1986,35,6,967,10.7,2,3,5,2,0,0,4,0,0.19,0.28,0.47,0.19,0.47,22/23,51,14,27.5,4.75,1.3,0.04,0.14,0,14,19,8,13,6,8,,,0,ambiguous_name,34601;59341;631002
Rubén García,es ESP,"MF,FW",Osasuna,es La Liga,29,1993,29,11,1159,12.9,2,2,4,2,0,0,2,0,0.16,0.16,0.31,0.16,0.31,22/23,20,4,20.0,1.55,0.31,0.1,0.5,0,14,17,1,79,10,11,,,0,ambiguous_name,213260;325852;361238
Unai García,es ESP,DF,Osasuna,es La Liga,30,1992,21,20,1713,19.0,0,1,1,0,0,0,6,1,0.0,0.05,0.05,0.0,0.05,22/23,5,2,40.0,0.26,0.11,0.0,0.0,0,22,4,0,3,19,13,,,0,ambiguous_name,197122;629384
Dennis Geiger,de GER,MF,Hoffenheim,de Bundesliga,24,1998,27,27,1952,21.7,1,3,4,1,0,0,9,0,0.05,0.14,0.18,0.05,0.18,22/23,5,3,60.0,0.23,0.14,0.2,0.33,0,42,20,0,50,24,27,,,0,ambiguous_name,43008;251309
Gerson,br BRA,MF,Marseille,fr Ligue 1,25,1997,10,6,417,4.6,2,0,2,2,0,0,1,0,0.43,0.0,0.43,0.43,0.43,22/23,9,6,66.7,1.94,1.29,0.22,0.33,0,16,16,1,3,2,5,,,0,ambiguous_name,161438;341705
Óscar Gil,es ESP,DF,Espanyol,es La Liga,25,1997,33,31,2559,28.4,0,1,1,0,0,0,14,0,0.0,0.04,0.04,0.0,0.04,22/23,12,2,16.7,0.42,0.07,0.0,0.0,0,53,38,0,37,35,38,,,0,ambiguous_name,199341;544106
André Gomes,pt POR,MF,Lille,fr Ligue 1,29,1993,26,18,1629,18.1,3,2,5,3,0,0,6,0,0.17,0.11,0.28,0.17,0.28,22/23,18,5,27.8,0.99,0.28,0.17,0.6,0,49,17,1,11,10,19,,,0,ambiguous_name,221025;670710
Dani Gómez,es ESP,FW,Espanyol,es La Liga,24,1998,8,0,88,1.0,0,0,0,0,0,0,2,0,0.0,0.0,0.0,0.0,0.0,22/23,0,0,,0.0,0.0,,,0,3,2,4,2,1,1,,,0,ambiguous_name,72333;422460
Diego González,es ESP,DF,Elche,es La Liga,27,1995,16,8,958,10.6,0,0,0,0,0,0,4,0,0.0,0.0,0.0,0.0,0.0,22/23,6,0,0.0,0.56,0.0,0.0,,0,17,5,0,1,7,8,,,0,ambiguous_name,349836;513441;560451;674429;873981
Édgar González,es ESP,DF,Real Betis,es La Liga,25,1997,25,18,1772,19.7,0,0,0,0,0,0,8,2,0.0,0.0,0.0,0.0,0.0,22/23,9,3,33.3,0.46,0.15,0.0,0.0,2,23,12,1,0,20,17,,,0,ambiguous_name,53002;401624
Javier Guerra,es ESP,MF,Valencia,es La Liga,19,2003,10,6,605,6.7,1,0,1,1,0,0,0,0,0.15,0.0,0.15,0.15,0.15,22/23,15,6,40.0,2.23,0.89,0.07,0.17,0,13,7,0,8,11,13,,,0,ambiguous_name,46215;834764
Bruno Guimarães,br BRA,MF,Newcastle United,eng Premier League,24,1997,32,32,2726,30.3,4,5,9,4,0,0,7,0,0.13,0.17,0.3,0.13,0.3,22/23,28,8,28.6,0.92,0.26,0.14,0.5,0,45,84,2,22,36,43,,,0,ambiguous_name,520624;876750
Liam Henderson,sct SCO,MF,Empoli,it Serie A,26,1996,25,11,1007,11.2,0,1,1,0,0,0,9,0,0.0,0.09,0.09,0.0,0.09,22/23,12,5,41.7,1.07,0.45,0.0,0.0,0,35,12,2,33,10,11,,,0,ambiguous_name,80593;193867;328429
Henrique,br BRA,"DF,MF",Lyon,fr Ligue 1,28,1994,7,3,356,4.0,0,1,1,0,0,0,0,0,0.0,0.25,0.25,0.0,0.25,22/23,1,0,0.0,0.25,0.0,0.0,,0,5,11,1,4,5,5,,,0,ambiguous_name,52513;57397;86645;109307;153703;226141;982615;989573
Luiz Henrique,br BRA,MF,Real Betis,es La Liga,21,2001,33,21,1807,20.1,1,3,4,1,0,0,6,0,0.05,0.15,0.2,0.05,0.2,22/23,42,17,40.5,2.09,0.85,0.02,0.06,0,25,39,5,31,14,33,,,0,ambiguous_name,200289;530289;631275;689521;703319;800175
Javi Hernández,es ESP,DF,Girona,es La Liga,24,1998,25,13,1116,12.4,1,2,3,1,0,0,3,0,0.08,0.16,0.24,0.08,0.24,22/23,16,6,37.5,1.29,0.48,0.06,0.17,0,9,21,1,16,9,13,,,0,ambiguous_name,62917;422466;632893
Luis Hernández,es ESP,DF,Cádiz,es La Liga,33,1989,35,35,3149,35.0,0,0,0,0,0,0,8,1,0.0,0.0,0.0,0.0,0.0,22/23,7,1,14.3,0.2,0.03,0.0,0.0,1,27,7,2,18,32,20,,,0,ambiguous_name,62945;427072;533351
Patrick Herrmann,de GER,"FW,MF",Gladbach,de Bundesliga,31,1991,21,0,164,1.8,1,0,1,1,0,0,2,0,0.55,0.0,0.55,0.55,0.55,22/23,6,2,33.3,3.29,1.1,0.17,0.5,0,4,4,0,12,1,2,,,0,ambiguous_name,32711;57101
Adam Hložek,cz CZE,"FW,MF",Leverkusen,de Bundesliga,20,2002,29,16,1286,14.3,5,3,8,5,0,0,2,0,0.35,0.21,0.56,0.35,0.56,22/23,30,11,36.7,2.1,0.77,0.17,0.45,0,19,20,1,15,6,4,,,0,ambiguous_name,62800;552057
Jonas Hofmann,de GER,MF,Gladbach,de Bundesliga,30,1992,31,30,2680,29.8,12,9,21,12,0,1,2,0,0.4,0.3,0.71,0.4,0.71,22/23,45,24,53.3,1.51,0.81,0.27,0.5,0,17,39,23,204,14,17,,,0,ambiguous_name,7161;227085
Iago,br BRA,"DF,MF",Augsburg,de Bundesliga,25,1997,22,19,1600,17.8,0,2,2,0,0,0,6,1,0.0,0.11,0.11,0.0,0.11,22/23,9,0,0.0,0.51,0.0,0.0,,1,13,13,1,43,20,16,,,0,ambiguous_name,519874;520468
Pablo Ibáñez,es ESP,MF,Osasuna,es La Liga,23,1998,25,12,1064,11.8,0,1,1,0,0,0,1,0,0.0,0.08,0.08,0.0,0.08,22/23,20,6,30.0,1.69,0.51,0.0,0.0,0,22,16,4,6,7,14,,,0,ambiguous_name,8116;785353
Igor,br BRA,DF,Fiorentina,it Serie A,24,1998,27,23,2057,22.9,0,0,0,0,0,0,10,1,0.0,0.0,0.0,0.0,0.0,22/23,7,0,0.0,0.31,0.0,0.0,,1,29,13,0,1,26,29,,,0,ambiguous_name,13959;26240
Reece James,eng ENG,"DF,MF",Chelsea,eng Premier League,22,1999,16,14,1244,13.8,1,1,2,1,0,0,4,0,0.07,0.07,0.14,0.07,0.14,22/23,16,4,25.0,1.16,0.29,0.06,0.25,0,9,18,4,91,13,20,,,0,ambiguous_name,245585;472423
Jeffinho,br BRA,"MF,FW",Lyon,fr Ligue 1,22,1999,9,4,446,5.0,1,0,1,1,0,0,1,0,0.2,0.0,0.2,0.2,0.2,22/23,10,5,50.0,2.02,1.01,0.1,0.2,0,8,10,0,3,1,4,,,0,ambiguous_name,884072;997718
Mathias Jensen,dk DEN,MF,Brentford,eng Premier League,26,1996,37,37,2803,31.1,5,6,11,5,0,0,5,0,0.16,0.19,0.35,0.16,0.35,22/23,23,7,30.4,0.74,0.22,0.22,0.71,0,32,26,1,158,31,35,,,0,ambiguous_name,319859;695210
Jorginho,it ITA,MF,Arsenal,eng Premier League,30,1991,14,9,855,9.5,0,1,1,0,0,0,0,0,0.0,0.11,0.11,0.0,0.11,22/23,6,0,0.0,0.63,0.0,0.0,,0,6,18,0,2,7,12,,,0,ambiguous_name,17373;28837;102017;112985;155470;462248
Jorginho,it ITA,MF,Chelsea,eng Premier League,30,1991,18,15,1279,14.2,2,0,2,0,2,2,4,0,0.14,0.0,0.14,0.0,0.0,22/23,5,3,60.0,0.35,0.21,0.0,0.0,0,12,23,0,2,19,23,,,0,ambiguous_name,17373;28837;102017;112985;155470;462248
Joselu,es ESP,FW,Espanyol,es La Liga,32,1990,34,33,2990,33.2,16,2,18,11,5,5,2,0,0.48,0.06,0.54,0.33,0.39,22/23,92,38,41.3,2.77,1.14,0.12,0.29,0,25,69,26,18,8,11,,,0,ambiguous_name,72061;81999
Juanmi,es ESP,MF,Real Betis,es La Liga,29,1993,22,9,925,10.3,4,0,4,4,0,0,3,0,0.39,0.0,0.39,0.39,0.39,22/23,18,8,44.4,1.75,0.78,0.22,0.5,0,15,21,15,0,4,10,,,0,ambiguous_name,7484;126737
Juanpe,es ESP,DF,Girona,es La Liga,31,1991,19,17,1426,15.8,1,0,1,1,0,0,3,0,0.06,0.0,0.06,0.06,0.06,22/23,5,1,20.0,0.32,0.06,0.2,1.0,0,11,2,0,3,9,13,,,0,ambiguous_name,115333;455066
Koke,es ESP,MF,Atlético Madrid,es La Liga,30,1992,33,30,2545,28.3,0,3,3,0,0,0,4,0,0.0,0.11,0.11,0.0,0.11,22/23,16,1,6.3,0.57,0.04,0.0,0.0,0,20,27,1,23,19,38,,,0,ambiguous_name,16132;74229
Lázaro,br BRA,"FW,MF",Almería,es La Liga,20,2002,19,7,716,8.0,6,0,6,6,0,0,1,0,0.75,0.0,0.75,0.75,0.75,22/23,25,12,48.0,3.14,1.51,0.24,0.5,0,7,12,3,9,3,3,,,0,ambiguous_name,96073;574772
Diego Llorente,es ESP,DF,Leeds United,eng Premier League,28,1993,8,7,649,7.2,0,0,0,0,0,0,1,0,0.0,0.0,0.0,0.0,0.0,22/23,6,0,0.0,0.83,0.0,0.0,,0,6,2,0,1,16,10,,,0,ambiguous_name,246291;710131
Diego Llorente,es ESP,DF,Roma,it Serie A,28,1993,9,5,573,6.4,0,0,0,0,0,0,0,0,0.0,0.0,0.0,0.0,0.0,22/23,4,1,25.0,0.63,0.16,0.0,0.0,0,9,3,0,0,10,7,,,0,ambiguous_name,246291;710131
David López,es ESP,"DF,MF",Girona,es La Liga,32,1989,20,19,1652,18.4,3,1,4,3,0,0,5,0,0.16,0.05,0.22,0.16,0.22,22/23,11,8,72.7,0.6,0.44,0.27,0.38,0,16,16,3,0,15,18,,,0,ambiguous_name,25462;129444;640985;711963;947431
Diego López,es ESP,MF,Valencia,es La Liga,20,2002,10,5,447,5.0,3,1,4,3,0,0,0,0,0.6,0.2,0.81,0.6,0.81,22/23,12,8,66.7,2.42,1.61,0.25,0.38,0,6,7,1,12,4,2,,,0,ambiguous_name,20740;34370;89445;617081;713634
Jean Lucas,br BRA,MF,Monaco,fr Ligue 1,24,1998,6,3,291,3.2,0,0,0,0,0,0,0,0,0.0,0.0,0.0,0.0,0.0,22/23,5,3,60.0,1.55,0.93,0.0,0.0,0,4,4,1,1,4,5,,,0,ambiguous_name,532828;578872
Marcão,br BRA,DF,Sevilla,es La Liga,26,1996,5,4,375,4.2,0,0,0,0,0,0,2,0,0.0,0.0,0.0,0.0,0.0,22/23,0,0,,0.0,0.0,,,0,5,6,0,0,5,2,,,0,ambiguous_name,26255;58149;89561;101473;159976;160188;346072;439022;476102;764266;996242
José Mari,es ESP,MF,Cádiz,es La Liga,34,1987,18,2,397,4.4,0,0,0,0,0,0,4,0,0.0,0.0,0.0,0.0,0.0,22/23,5,2,40.0,1.13,0.45,0.0,0.0,0,6,7,0,1,5,6,,,0,ambiguous_name,6194;51624;225462
Mariano,do DOM,FW,Real Madrid,es La Liga,28,1993,9,1,157,1.7,0,0,0,0,0,0,2,0,0.0,0.0,0.0,0.0,0.0,22/23,5,0,0.0,2.87,0.0,0.0,,0,3,0,1,0,0,0,,,0,ambiguous_name,54155;71497
Marlon,br BRA,DF,Monza,it Serie A,26,1995,28,18,1592,17.7,0,0,0,0,0,0,7,1,0.0,0.0,0.0,0.0,0.0,22/23,5,1,20.0,0.28,0.06,0.0,0.0,0,23,6,1,5,17,22,,,1,ambiguous_name,188516;273236;406675;443721;538234;552230;635807;1126167
Marquinhos,br BRA,DF,Paris Saint-Germain,fr Ligue 1,28,1994,33,30,2717,30.2,2,0,2,2,0,0,4,0,0.07,0.0,0.07,0.07,0.07,22/23,18,4,22.2,0.6,0.13,0.11,0.5,0,14,10,0,1,23,28,,,1,ambiguous_name,97;54132;74567;82972;181767;516722;582301;668268;705180;871802
Marquinhos,br BRA,MF,Arsenal,eng Premier League,19,2003,1,0,1,0.0,0,0,0,0,0,0,0,0,0.0,0.0,0.0,0.0,0.0,22/23,0,0,,0.0,0.0,,,0,0,0,0,0,0,0,,,0,ambiguous_name,97;54132;74567;82972;181767;516722;582301;668268;705180;871802
Iván Martín,es ESP,MF,Girona,es La Liga,23,1999,24,18,1586,17.6,3,3,6,3,0,0,2,0,0.17,0.17,0.34,0.17,0.34,22/23,18,8,44.4,1.02,0.45,0.17,0.38,0,18,13,3,18,10,8,,,0,ambiguous_name,339752;341278
Gabriel Martinelli,br BRA,"FW,MF",Arsenal,eng Premier League,21,2001,36,34,2789,31.0,15,5,20,15,0,0,3,0,0.48,0.16,0.65,0.48,0.65,22/23,79,32,40.5,2.55,1.03,0.19,0.47,0,39,37,8,113,9,22,,,0,ambiguous_name,655488;1050805
Pasquale Mazzocchi,it ITA,MF,Salernitana,it Serie A,27,1995,27,23,1958,21.8,2,3,5,2,0,0,2,0,0.09,0.14,0.23,0.09,0.23,22/23,18,6,33.3,0.83,0.28,0.11,0.33,0,28,16,5,90,9,17,,,0,ambiguous_name,250153;1248542
Nuno Mendes,pt POR,"MF,DF",Paris Saint-Germain,fr Ligue 1,20,2002,23,18,1548,17.2,1,6,7,1,0,0,2,0,0.06,0.35,0.41,0.06,0.41,22/23,10,7,70.0,0.58,0.41,0.1,0.14,0,25,34,5,31,17,32,,,0,ambiguous_name,14345;616341
Gideon Mensah,gh GHA,"DF,MF",Auxerre,fr Ligue 1,24,1998,26,26,2262,25.1,0,0,0,0,0,0,5,0,0.0,0.0,0.0,0.0,0.0,22/23,5,1,20.0,0.2,0.04,0.0,0.0,0,28,18,1,66,35,46,,,0,ambiguous_name,397171;543496
Alberto Moreno,es ESP,DF,Villarreal,es La Liga,30,1992,24,14,1296,14.4,0,1,1,0,0,0,7,0,0.0,0.07,0.07,0.0,0.07,22/23,15,3,20.0,1.04,0.21,0.0,0.0,0,26,9,3,36,21,18,,,0,ambiguous_name,207917;568149
Diego Moreno,es ESP,DF,Osasuna,es La Liga,21,2001,11,7,638,7.1,0,0,0,0,0,0,1,0,0.0,0.0,0.0,0.0,0.0,22/23,5,1,20.0,0.71,0.14,0.0,0.0,0,3,4,1,20,5,4,,,0,ambiguous_name,312731;634122;635346
Lucas Moura,br BRA,"FW,MF",Tottenham Hotspur,eng Premier League,29,1992,15,0,153,1.7,1,0,1,1,0,0,0,1,0.59,0.0,0.59,0.59,0.59,22/23,4,1,25.0,2.35,0.59,0.25,1.0,0,3,3,0,9,2,5,,,0,ambiguous_name,77100;1070035
João Moutinho,pt POR,MF,Wolves,eng Premier League,35,1986,31,20,1780,19.8,0,2,2,0,0,0,3,0,0.0,0.1,0.1,0.0,0.1,22/23,16,3,18.8,0.81,0.15,0.0,0.0,0,31,15,1,58,18,30,,,0,ambiguous_name,29364;461906
João Moutinho,pt POR,DF,Spezia,it Serie A,24,1998,4,0,58,0.6,0,0,0,0,0,0,0,0,0.0,0.0,0.0,0.0,0.0,22/23,0,0,,0.0,0.0,,,0,1,0,0,3,0,1,,,0,ambiguous_name,29364;461906
Iker Muñoz,es ESP,MF,Osasuna,es La Liga,19,2002,8,2,254,2.8,0,0,0,0,0,0,0,0,0.0,0.0,0.0,0.0,0.0,22/23,2,1,50.0,0.71,0.35,0.0,0.0,0,5,4,0,0,3,0,,,0,ambiguous_name,710677;803003;916362
Patric,es ESP,DF,Lazio,it Serie A,29,1993,18,16,1413,15.7,0,0,0,0,0,0,1,0,0.0,0.0,0.0,0.0,0.0,22/23,2,1,50.0,0.13,0.06,0.0,0.0,0,3,4,0,0,11,12,,,0,ambiguous_name,95087;126729;174947
Paulinho,br BRA,FW,Leverkusen,de Bundesliga,22,2000,4,1,82,0.9,1,0,1,1,0,0,0,0,1.1,0.0,1.1,1.1,1.1,22/23,2,1,50.0,2.2,1.1,0.5,1.0,0,0,1,0,0,0,0,,,0,ambiguous_name,4851;12034;24887;29424;57229;95274;99496;115769;153621;175380;211072;212923;259461;372670;411562;428791;520492;547188;842718;866880;906328;1082692;1083888
Mads Pedersen,dk DEN,"DF,MF",Augsburg,de Bundesliga,25,1996,28,20,1838,20.4,0,0,0,0,0,0,6,0,0.0,0.0,0.0,0.0,0.0,22/23,9,0,0.0,0.44,0.0,0.0,,0,23,23,0,46,17,23,,,0,ambiguous_name,148369;288429
Pedro,es ESP,FW,Lazio,it Serie A,35,1987,36,17,1898,21.1,4,3,7,4,0,0,1,0,0.19,0.14,0.33,0.19,0.33,22/23,42,16,38.1,1.99,0.76,0.1,0.25,0,26,30,5,34,6,24,,,0,ambiguous_name,57840;65278;432895;1004741
Lorenzo Pellegrini,it ITA,MF,Roma,it Serie A,26,1996,32,29,2545,28.3,4,5,9,2,2,3,5,0,0.14,0.18,0.32,0.07,0.25,22/23,65,19,29.2,2.3,0.67,0.03,0.11,0,25,57,5,160,26,30,,,0,ambiguous_name,286297;889687
Juan Perea,co COL,FW,Stuttgart,de Bundesliga,22,2000,16,3,418,4.6,1,0,1,1,0,0,0,0,0.22,0.0,0.22,0.22,0.22,22/23,2,1,50.0,0.43,0.22,0.5,1.0,0,13,12,6,7,1,4,,,0,ambiguous_name,662456;968290
Lucas Pérez,es ESP,FW,Cádiz,es La Liga,33,1988,14,5,628,7.0,3,0,3,3,0,0,3,0,0.43,0.0,0.43,0.43,0.43,22/23,17,6,35.3,2.44,0.86,0.18,0.5,0,6,4,7,41,1,2,,,0,ambiguous_name,73185;935499
Luis Pérez,es ESP,"DF,MF",Valladolid,es La Liga,27,1995,18,15,1213,13.5,0,1,1,0,0,0,2,0,0.0,0.07,0.07,0.0,0.07,22/23,4,0,0.0,0.3,0.0,0.0,,0,12,16,4,54,16,24,,,0,ambiguous_name,31438;358115
Aaron Ramsey,wls WAL,MF,Nice,fr Ligue 1,31,1990,27,18,1584,17.6,1,1,2,1,0,0,3,0,0.06,0.06,0.11,0.06,0.11,22/23,22,6,27.3,1.25,0.34,0.05,0.17,0,23,19,3,59,18,29,,,0,ambiguous_name,50057;646658
Raphinha,br BRA,FW,Barcelona,es La Liga,25,1996,36,25,2072,23.0,7,7,14,7,0,0,9,0,0.3,0.3,0.61,0.3,0.61,22/23,79,25,31.6,3.43,1.09,0.09,0.28,0,22,37,15,173,15,19,,,0,ambiguous_name,411295;796604
Rodri,es ESP,"MF,DF",Manchester City,eng Premier League,26,1996,36,34,2911,32.3,2,6,8,2,0,0,5,0,0.06,0.19,0.25,0.06,0.25,22/23,50,14,28.0,1.55,0.43,0.04,0.14,0,46,20,3,7,31,41,,,0,ambiguous_name,8163;70912;357565;380952;858250
Rodri,es ESP,MF,Real Betis,es La Liga,22,2000,30,19,1601,17.8,2,3,5,2,0,0,0,0,0.11,0.17,0.28,0.11,0.28,22/23,15,6,40.0,0.84,0.34,0.13,0.33,0,6,39,2,45,11,12,,,0,ambiguous_name,8163;70912;357565;380952;858250
Rodrigo,es ESP,"FW,MF",Leeds United,eng Premier League,31,1991,31,23,1935,21.5,13,1,14,12,1,1,6,0,0.6,0.05,0.65,0.56,0.6,22/23,67,27,40.3,3.12,1.26,0.18,0.44,0,29,11,10,21,6,9,,,0,ambiguous_name,29528;131505;325510;349420;884101;1009017;1220397
Dani Rodríguez,es ESP,MF,Mallorca,es La Liga,34,1988,35,26,2100,23.3,3,6,9,3,0,0,8,0,0.13,0.26,0.39,0.13,0.39,22/23,25,10,40.0,1.07,0.43,0.12,0.3,0,49,33,4,32,20,22,,,0,ambiguous_name,139435;834470
Miguel Rodríguez,es ESP,"FW,MF",Celta Vigo,es La Liga,19,2003,7,3,252,2.8,1,1,2,1,0,0,0,0,0.36,0.36,0.71,0.36,0.71,22/23,3,2,66.7,1.07,0.71,0.33,0.5,0,6,8,1,13,1,5,,,0,ambiguous_name,634427;1087262
Ricardo Rodríguez,ch SUI,"DF,MF",Torino,it Serie A,29,1992,35,30,2670,29.7,0,0,0,0,0,0,3,0,0.0,0.0,0.0,0.0,0.0,22/23,11,4,36.4,0.37,0.13,0.0,0.0,0,25,8,0,71,39,34,,,0,ambiguous_name,86784;820227
Rogério,br BRA,DF,Sassuolo,it Serie A,24,1998,36,34,2996,33.3,0,3,3,0,0,0,5,1,0.0,0.09,0.09,0.0,0.09,22/23,15,5,33.3,0.45,0.15,0.0,0.0,0,30,38,0,111,40,20,,,0,ambiguous_name,13197;160866;175256;357788;401527
Ruan,br BRA,DF,Sassuolo,it Serie A,23,1999,23,21,1711,19.0,0,0,0,0,0,0,13,3,0.0,0.0,0.0,0.0,0.0,22/23,5,1,20.0,0.26,0.05,0.0,0.0,2,27,14,0,0,23,28,,,1,ambiguous_name,162937;520491;555015;1053933
Víctor Ruiz,es ESP,DF,Real Betis,es La Liga,33,1989,10,5,560,6.2,0,0,0,0,0,0,0,0,0.0,0.0,0.0,0.0,0.0,22/23,1,0,0.0,0.16,0.0,0.0,,0,4,2,1,0,6,3,,,0,ambiguous_name,62920;199375;336857
Antonio Sánchez,es ESP,"MF,DF",Mallorca,es La Liga,25,1997,32,11,1076,12.0,0,0,0,0,0,0,5,0,0.0,0.0,0.0,0.0,0.0,22/23,12,5,41.7,1.0,0.42,0.0,0.0,0,26,15,0,33,22,8,,,0,ambiguous_name,513031;833271;881217
Iván Sánchez,es ESP,"MF,FW",Valladolid,es La Liga,29,1992,25,13,1154,12.8,1,1,2,1,0,0,0,0,0.08,0.08,0.16,0.08,0.16,22/23,17,7,41.2,1.33,0.55,0.06,0.14,0,9,43,1,38,8,14,,,0,ambiguous_name,221311;888702
Javi Sánchez,es ESP,DF,Valladolid,es La Liga,25,1997,32,28,2392,26.6,1,0,1,1,0,0,11,0,0.04,0.0,0.04,0.04,0.04,22/23,9,2,22.2,0.34,0.08,0.11,0.5,0,34,9,0,5,48,25,,,0,ambiguous_name,340853;677200
Manu Sánchez,es ESP,DF,Osasuna,es La Liga,21,2000,31,22,2124,23.6,0,2,2,0,0,0,3,0,0.0,0.08,0.08,0.0,0.08,22/23,10,3,30.0,0.42,0.13,0.0,0.0,0,26,10,2,71,15,35,,,0,ambiguous_name,7785;374142;618809
Alex Sandro,br BRA,DF,Juventus,it Serie A,31,1991,25,21,1787,19.9,0,1,1,0,0,0,5,1,0.0,0.05,0.05,0.0,0.05,22/23,5,0,0.0,0.25,0.0,0.0,,0,27,25,1,19,18,18,,,0,ambiguous_name,79960;552892
Stefan Savić,me MNE,DF,Atlético Madrid,es La Liga,31,1991,22,22,1943,21.6,0,0,0,0,0,0,4,2,0.0,0.0,0.0,0.0,0.0,22/23,2,1,50.0,0.09,0.05,0.0,0.0,0,31,8,1,1,33,27,,,0,ambiguous_name,107010;120192
André Silva,pt POR,FW,RB Leipzig,de Bundesliga,26,1995,31,20,1738,19.3,4,3,7,4,0,0,3,0,0.21,0.16,0.36,0.21,0.36,22/23,59,23,39.0,3.06,1.19,0.07,0.17,0,32,44,10,4,3,6,,,0,ambiguous_name,198008;565232;650165
David Silva,es ESP,"MF,FW",Real Sociedad,es La Liga,36,1986,28,25,1937,21.5,2,5,7,2,0,0,3,0,0.09,0.23,0.33,0.09,0.33,22/23,30,13,43.3,1.39,0.6,0.07,0.15,0,30,33,3,20,15,20,,,0,ambiguous_name,35518;86759
Thiago Silva,br BRA,DF,Chelsea,eng Premier League,37,1984,27,26,2352,26.1,0,2,2,0,0,0,2,0,0.0,0.08,0.08,0.0,0.08,22/23,15,2,13.3,0.57,0.08,0.0,0.0,0,10,13,0,2,34,25,,,0,ambiguous_name,29241;68293;294817
Adam Smith,eng ENG,DF,Bournemouth,eng Premier League,31,1991,37,34,2943,32.7,0,1,1,0,0,0,11,0,0.0,0.03,0.03,0.0,0.03,22/23,5,1,20.0,0.15,0.03,0.0,0.0,0,29,27,0,49,26,28,,,0,ambiguous_name,61841;163532
Malick Thiaw,de GER,DF,Schalke 04,de Bundesliga,20,2001,3,3,270,3.0,0,0,0,0,0,0,2,0,0.0,0.0,0.0,0.0,0.0,22/23,2,1,50.0,0.67,0.33,0.0,0.0,0,3,0,0,0,9,1,,,0,ambiguous_name,521964;1063838
Malick Thiaw,de GER,DF,Milan,it Serie A,20,2001,20,15,1362,15.1,0,0,0,0,0,0,5,0,0.0,0.0,0.0,0.0,0.0,22/23,8,3,37.5,0.53,0.2,0.0,0.0,0,13,7,1,2,13,26,,,0,ambiguous_name,521964;1063838
Luke Thomas,eng ENG,DF,Leicester City,eng Premier League,21,2001,17,11,1073,11.9,0,0,0,0,0,0,3,0,0.0,0.0,0.0,0.0,0.0,22/23,3,0,0.0,0.25,0.0,0.0,,0,11,7,0,8,27,18,,,1,ambiguous_name,399473;505194
David Torres,es ESP,DF,Valladolid,es La Liga,19,2003,7,2,385,4.3,0,0,0,0,0,0,1,0,0.0,0.0,0.0,0.0,0.0,22/23,1,0,0.0,0.23,0.0,0.0,,0,3,2,0,1,2,2,,,0,ambiguous_name,94932;857832
Pau Torres,es ESP,DF,Villarreal,es La Liga,25,1997,34,34,3054,33.9,1,0,1,1,0,0,10,0,0.03,0.0,0.03,0.03,0.03,22/23,12,5,41.7,0.35,0.15,0.08,0.2,0,19,17,0,4,14,24,,,1,ambiguous_name,65302;399776
Adama Traoré,es ESP,"MF,FW",Wolves,eng Premier League,26,1996,34,12,1496,16.6,2,1,3,2,0,0,2,0,0.12,0.06,0.18,0.12,0.18,22/23,19,8,42.1,1.14,0.48,0.11,0.25,0,20,34,7,81,3,7,,,0,ambiguous_name,70209;204103;262608;364405
Tuta,br BRA,DF,Eintracht Frankfurt,de Bundesliga,23,1999,31,30,2718,30.2,2,1,3,2,0,0,8,0,0.07,0.03,0.1,0.07,0.1,22/23,17,3,17.6,0.56,0.1,0.12,0.67,0,33,18,1,9,48,37,,,0,ambiguous_name,29673;546213
Enes Ünal,tr TUR,FW,Getafe,es La Liga,25,1997,35,35,2970,33.0,14,3,17,9,5,6,6,0,0.42,0.09,0.52,0.27,0.36,22/23,88,37,42.0,2.67,1.12,0.1,0.24,0,61,77,27,17,6,14,,,0,ambiguous_name,251106;288697
Vanderson,br BRA,"DF,MF",Monaco,fr Ligue 1,21,2001,31,24,2214,24.6,1,4,5,1,0,0,4,1,0.04,0.16,0.2,0.04,0.2,22/23,26,8,30.8,1.06,0.33,0.04,0.13,1,36,18,3,99,44,53,,,0,ambiguous_name,56761;789082
Jesus Vazquez,es ESP,DF,Valencia,es La Liga,19,2003,10,3,310,3.4,0,0,0,0,0,0,1,0,0.0,0.0,0.0,0.0,0.0,22/23,6,1,16.7,1.74,0.29,0.0,0.0,0,4,5,0,11,1,8,,,0,ambiguous_name,210126;553007;623024
João Victor,br BRA,DF,Nantes,fr Ligue 1,24,1998,13,9,842,9.4,0,1,1,0,0,0,5,0,0.0,0.11,0.11,0.0,0.11,22/23,3,0,0.0,0.32,0.0,0.0,,0,9,12,0,8,15,12,,,1,ambiguous_name,54171;54996;626110;671145;723211;738504;743769;842370
Vitinha,pt POR,FW,Marseille,fr Ligue 1,22,2000,14,5,464,5.2,2,0,2,2,0,0,0,0,0.39,0.0,0.39,0.39,0.39,22/23,26,9,34.6,5.04,1.75,0.08,0.22,0,7,8,3,1,2,7,,,0,ambiguous_name,24728;24955;334972;487469;586853
Vitinha,pt POR,MF,Paris Saint-Germain,fr Ligue 1,22,2000,36,29,2446,27.2,2,3,5,2,0,0,3,0,0.07,0.11,0.18,0.07,0.18,22/23,31,11,35.5,1.14,0.4,0.06,0.18,0,31,19,0,13,25,27,,,0,ambiguous_name,24728;24955;334972;487469;586853
Abner,br BRA,DF,Real Betis,es La Liga,23,2000,23,15,1400,15.6,0,1,1,0,0,0,3,0,0.0,0.06,0.06,0.0,0.06,23/24,4,0,0.0,0.26,0.0,0.0,,0,17,2,2,26,16,18,,,0,ambiguous_name,646402;1086632
Hugo Álvarez,es ESP,"MF,FW",Celta Vigo,es La Liga,20,2003,12,8,762,8.5,1,1,2,1,0,0,1,0,0.12,0.12,0.24,0.12,0.24,23/24,12,4,33.3,1.42,0.47,0.08,0.25,0,9,9,1,22,5,9,,,0,ambiguous_name,75845;892929
Ângelo,br BRA,"MF,FW",Strasbourg,fr Ligue 1,18,2004,21,11,1094,12.2,0,3,3,0,0,0,1,0,0.0,0.25,0.25,0.0,0.25,23/24,9,4,44.4,0.74,0.33,0.0,0.0,0,12,22,2,42,9,12,,,0,ambiguous_name,53528;432154
Antony,br BRA,MF,Manchester Utd,eng Premier League,23,2000,29,15,1324,14.7,1,1,2,1,0,0,5,0,0.07,0.07,0.14,0.07,0.14,23/24,43,16,37.2,2.92,1.09,0.02,0.06,0,19,32,2,15,11,22,,,0,ambiguous_name,602105;798687
Mohamed Bamba,ci CIV,FW,Lorient,fr Ligue 1,21,2001,16,14,1138,12.6,8,3,11,7,1,1,3,0,0.63,0.24,0.87,0.55,0.79,23/24,38,18,47.4,3.01,1.42,0.18,0.39,0,22,15,11,2,2,9,,,0,ambiguous_name,619461;745210;1178475
Lucas Beltrán,ar ARG,"FW,MF",Fiorentina,it Serie A,22,2001,32,21,1692,18.8,6,2,8,5,1,1,6,0,0.32,0.11,0.43,0.27,0.37,23/24,32,9,28.1,1.7,0.48,0.16,0.56,0,24,28,4,7,2,14,,,0,ambiguous_name,628366;1309986
Bernardo,br BRA,DF,Bochum,de Bundesliga,28,1995,33,33,2924,32.5,1,0,1,1,0,0,9,0,0.03,0.0,0.03,0.03,0.03,23/24,29,8,27.6,0.89,0.25,0.03,0.13,0,53,28,1,30,50,61,,,0,ambiguous_name,101692;107618;364258;719646;740294;861167
Beto,gw GNB,FW,Udinese,it Serie A,25,1998,1,1,74,0.8,0,0,0,0,0,0,0,0,0.0,0.0,0.0,0.0,0.0,23/24,0,0,,0.0,0.0,,,0,0,0,3,0,0,0,,,0,ambiguous_name,14269;35242;55485;67973;268965;595809
Beto,gw GNB,FW,Everton,eng Premier League,25,1998,30,9,951,10.6,3,0,3,3,0,1,2,0,0.28,0.0,0.28,0.28,0.28,23/24,43,13,30.2,4.07,1.23,0.07,0.23,0,21,19,10,5,1,6,,,0,ambiguous_name,14269;35242;55485;67973;268965;595809
Hugo Bueno,es ESP,"MF,DF",Wolves,eng Premier League,20,2002,22,7,741,8.2,0,0,0,0,0,0,1,0,0.0,0.0,0.0,0.0,0.0,23/24,5,0,0.0,0.61,0.0,0.0,,0,7,6,1,29,5,14,,,1,ambiguous_name,281798;698678
Lamine Camara,sn SEN,MF,Metz,fr Ligue 1,19,2004,31,26,2255,25.1,1,4,5,1,0,1,3,0,0.04,0.16,0.2,0.04,0.2,23/24,30,9,30.0,1.2,0.36,0.03,0.11,0,44,44,1,118,27,43,,,0,ambiguous_name,57147;918969
Mohamed Camara,ml MLI,MF,Monaco,fr Ligue 1,23,2000,20,14,1035,11.5,1,2,3,0,1,1,4,0,0.09,0.17,0.26,0.0,0.17,23/24,14,4,28.6,1.22,0.35,0.0,0.0,0,25,23,0,1,11,20,,,0,ambiguous_name,13044;99946;426723;543382;600884
Jesús Corona,mx MEX,"DF,FW",Sevilla,es La Liga,30,1993,2,0,17,0.2,0,0,0,0,0,0,0,0,0.0,0.0,0.0,0.0,0.0,23/24,0,0,,0.0,0.0,,,0,1,0,0,2,1,0,,,0,ambiguous_name,29574;125165
Mamadou Coulibaly,sn SEN,MF,Salernitana,it Serie A,24,1999,1,0,3,0.0,0,0,0,0,0,0,0,0,0.0,0.0,0.0,0.0,0.0,23/24,0,0,,0.0,0.0,,,0,0,0,0,0,0,0,,,0,ambiguous_name,472161;745173
Mamadou Coulibaly,fr FRA,MF,Monaco,fr Ligue 1,19,2004,5,1,118,1.3,0,0,0,0,0,0,0,0,0.0,0.0,0.0,0.0,0.0,23/24,2,0,0.0,1.53,0.0,0.0,,0,3,2,0,1,0,4,,,0,ambiguous_name,472161;745173
Juan Cruz,ar ARG,FW,Hellas Verona,it Serie A,24,1999,4,1,109,1.2,0,0,0,0,0,0,0,0,0.0,0.0,0.0,0.0,0.0,23/24,1,0,0.0,0.83,0.0,0.0,,0,1,0,0,1,1,2,,,0,ambiguous_name,169497;585700;714131;1287500
Juan Cruz,es ESP,MF,Real Betis,es La Liga,23,2000,5,0,76,0.8,0,0,0,0,0,0,0,0,0.0,0.0,0.0,0.0,0.0,23/24,2,0,0.0,2.37,0.0,0.0,,0,2,2,0,0,0,0,,,0,ambiguous_name,169497;585700;714131;1287500
Matheus Cunha,br BRA,"FW,MF",Wolves,eng Premier League,24,1999,32,29,2440,27.1,12,7,19,11,1,1,9,0,0.44,0.26,0.7,0.41,0.66,23/24,73,38,52.1,2.69,1.4,0.15,0.29,0,31,50,4,24,11,15,,,0,ambiguous_name,517894;876739
Danilo,br BRA,DF,Juventus,it Serie A,32,1991,29,27,2452,27.2,1,1,2,1,0,0,7,0,0.04,0.04,0.07,0.04,0.07,23/24,17,2,11.8,0.62,0.07,0.06,0.5,0,26,14,1,18,36,35,,,0,ambiguous_name,32816;51232;54139;145707;292413;325089;519731;808509
Ben Davies,wls WAL,DF,Tottenham Hotspur,eng Premier League,30,1993,17,12,1090,12.1,1,0,1,1,0,0,2,0,0.08,0.0,0.08,0.08,0.08,23/24,12,2,16.7,0.99,0.17,0.08,0.5,0,8,19,0,10,10,16,,,0,ambiguous_name,67271;192765;257097
Tom Davies,eng ENG,MF,Sheffield United,eng Premier League,25,1998,9,2,221,2.5,0,0,0,0,0,0,2,0,0.0,0.0,0.0,0.0,0.0,23/24,4,1,25.0,1.63,0.41,0.0,0.0,0,7,2,0,4,3,5,,,0,ambiguous_name,314210;854853
Moussa Diaby,fr FRA,"MF,FW",Aston Villa,eng Premier League,24,1999,38,25,2174,24.2,6,8,14,6,0,0,1,0,0.25,0.33,0.58,0.25,0.58,23/24,54,23,42.6,2.24,0.95,0.11,0.26,0,16,15,6,45,9,5,,,0,ambiguous_name,395516;740565
Moussa Diarra,ml MLI,DF,Toulouse,fr Ligue 1,22,2000,22,15,1397,15.5,1,2,3,1,0,0,5,0,0.06,0.13,0.19,0.06,0.19,23/24,5,2,40.0,0.32,0.13,0.2,0.5,0,22,18,0,16,19,11,,,0,ambiguous_name,694509;806249;923080
Luis Díaz,co COL,FW,Liverpool,eng Premier League,26,1997,37,32,2629,29.2,8,5,13,8,0,0,3,0,0.27,0.17,0.45,0.27,0.45,23/24,94,32,34.0,3.22,1.1,0.09,0.25,0,54,42,20,27,3,26,,,0,ambiguous_name,480692;538984
Dodô,br BRA,DF,Fiorentina,it Serie A,24,1998,9,7,523,5.8,0,0,0,0,0,0,0,0,0.0,0.0,0.0,0.0,0.0,23/24,2,1,50.0,0.34,0.17,0.0,0.0,0,7,8,0,19,5,3,,,0,ambiguous_name,52666;109038;138515;281837;401529;704909;978117
Douglas,br BRA,MF,Nantes,fr Ligue 1,26,1997,25,22,1772,19.7,0,0,0,0,0,0,7,0,0.0,0.0,0.0,0.0,0.0,23/24,16,5,31.3,0.81,0.25,0.0,0.0,0,48,24,0,20,26,42,,,0,ambiguous_name,34332;42304;52326;58426;64590;99548;101304;643374
Éderson,br BRA,MF,Atalanta,it Serie A,24,1999,36,32,2869,31.9,6,1,7,6,0,0,8,0,0.19,0.03,0.22,0.19,0.22,23/24,38,11,28.9,1.19,0.35,0.16,0.55,0,45,34,0,18,39,48,,,0,ambiguous_name,76470;607854
Emerson,br BRA,DF,Tottenham Hotspur,eng Premier League,24,1999,22,11,1161,12.9,1,0,1,1,0,0,4,0,0.08,0.0,0.08,0.08,0.08,23/24,6,3,50.0,0.47,0.23,0.17,0.33,0,14,38,0,14,18,24,,,0,ambiguous_name,1969;57159;67916;75140;149582;181778;382171;798448
Fali,es ESP,DF,Cádiz,es La Liga,29,1993,30,30,2547,28.3,0,0,0,0,0,0,12,0,0.0,0.0,0.0,0.0,0.0,23/24,11,3,27.3,0.39,0.11,0.0,0.0,0,23,19,0,8,27,25,,,0,ambiguous_name,65281;252667
Felipe,br BRA,DF,Nottingham Forest,eng Premier League,34,1989,7,4,375,4.2,0,0,0,0,0,0,4,0,0.0,0.0,0.0,0.0,0.0,23/24,3,0,0.0,0.72,0.0,0.0,,0,10,2,0,0,4,9,,,0,ambiguous_name,17127;52880;54994;128820;156501;508930;553051
Luiz Felipe,it ITA,DF,Real Betis,es La Liga,26,1997,4,4,360,4.0,0,0,0,0,0,0,1,0,0.0,0.0,0.0,0.0,0.0,23/24,2,0,0.0,0.5,0.0,0.0,,0,2,1,0,0,4,3,,,0,ambiguous_name,373150;457931;548686;573907;877578;1092749
Bruno Fernandes,pt POR,MF,Manchester Utd,eng Premier League,28,1994,35,35,3118,34.6,10,8,18,6,4,5,9,0,0.29,0.23,0.52,0.17,0.4,23/24,95,41,43.2,2.74,1.18,0.06,0.15,0,41,27,13,225,25,37,,,0,ambiguous_name,240306;428253
Álex Fernández,es ESP,MF,Cádiz,es La Liga,30,1992,26,14,1285,14.3,0,1,1,0,0,0,3,0,0.0,0.07,0.07,0.0,0.07,23/24,7,1,14.3,0.49,0.07,0.0,0.0,0,5,16,0,35,15,9,,,0,ambiguous_name,72057;89733
Carlos Fernández,es ESP,FW,Real Sociedad,es La Liga,27,1996,10,5,408,4.5,2,1,3,1,1,1,3,0,0.44,0.22,0.66,0.22,0.44,23/24,9,4,44.4,1.99,0.88,0.11,0.25,0,15,3,2,1,0,9,,,0,ambiguous_name,199133;216464;358197
Fernando,br BRA,MF,Sevilla,es La Liga,36,1987,8,5,459,5.1,0,0,0,0,0,0,0,0,0.0,0.0,0.0,0.0,0.0,23/24,1,0,0.0,0.2,0.0,0.0,,0,6,3,0,4,8,8,,,0,ambiguous_name,15721;19218;51174;57668;76093;105456;158521;424205;550495;731057
Álvaro García,es ESP,MF,Rayo Vallecano,es La Liga,30,1992,32,30,2475,27.5,6,1,7,6,0,0,8,1,0.22,0.04,0.25,0.22,0.25,23/24,45,17,37.8,1.64,0.62,0.13,0.35,1,25,23,25,121,36,26,,,0,ambiguous_name,64393;98849;257062;495600;891153
Dani García,es ESP,MF,Athletic Club,es La Liga,33,1990,17,7,745,8.3,1,0,1,1,0,0,4,0,0.12,0.0,0.12,0.12,0.12,23/24,6,3,50.0,0.72,0.36,0.17,0.33,0,11,7,0,0,8,11,,,0,ambiguous_name,7608;178425;451437;935088
David García,es ESP,DF,Osasuna,es La Liga,29,1994,27,27,2334,25.9,0,1,1,0,0,0,5,0,0.0,0.04,0.04,0.0,0.04,23/24,15,2,13.3,0.58,0.08,0.0,0.0,0,33,13,1,2,20,17,,,0,ambiguous_name,7878;44012;62182;298589;327649;971693
Fran Garcia,es ESP,DF,Real Madrid,es La Liga,23,1999,25,15,1398,15.5,1,5,6,1,0,0,2,0,0.06,0.32,0.39,0.06,0.39,23/24,9,1,11.1,0.58,0.06,0.11,1.0,0,10,15,10,60,20,16,,,0,ambiguous_name,152284;341264;512084
Raúl García,es ESP,FW,Athletic Club,es La Liga,37,1986,20,1,420,4.7,1,0,1,1,0,0,3,0,0.21,0.0,0.21,0.21,0.21,23/24,10,1,10.0,2.14,0.21,0.1,1.0,0,20,10,5,6,2,6,,,0,ambiguous_name,34601;59341;631002
Rubén García,es ESP,"FW,MF",Osasuna,es La Liga,30,1993,30,19,1547,17.2,3,2,5,3,0,0,1,0,0.17,0.12,0.29,0.17,0.29,23/24,28,10,35.7,1.63,0.58,0.11,0.3,0,24,27,6,98,12,18,,,0,ambiguous_name,213260;325852;361238
Unai García,es ESP,DF,Osasuna,es La Liga,31,1992,9,6,560,6.2,1,0,1,1,0,0,6,1,0.16,0.0,0.16,0.16,0.16,23/24,2,1,50.0,0.32,0.16,0.5,1.0,1,9,1,0,4,7,9,,,0,ambiguous_name,197122;629384
Dennis Geiger,de GER,MF,Hoffenheim,de Bundesliga,25,1998,3,0,64,0.7,0,0,0,0,0,0,1,0,0.0,0.0,0.0,0.0,0.0,23/24,0,0,,0.0,0.0,,,0,2,0,0,0,0,0,,,0,ambiguous_name,43008;251309
André Gomes,pt POR,MF,Everton,eng Premier League,30,1993,12,3,508,5.6,1,0,1,1,0,0,4,0,0.18,0.0,0.18,0.18,0.18,23/24,8,4,50.0,1.42,0.71,0.13,0.25,0,17,5,0,27,3,4,,,0,ambiguous_name,221025;670710
Édgar González,es ESP,"DF,MF",Almería,es La Liga,26,1997,31,30,2522,28.0,2,0,2,2,0,0,7,1,0.07,0.0,0.07,0.07,0.07,23/24,13,3,23.1,0.46,0.11,0.15,0.67,1,29,7,3,2,35,21,,,0,ambiguous_name,53002;401624
Javier Guerra,es ESP,MF,Valencia,es La Liga,20,2003,36,28,2498,27.8,4,1,5,4,0,0,3,1,0.14,0.04,0.18,0.14,0.18,23/24,42,14,33.3,1.51,0.5,0.1,0.29,0,40,30,2,24,18,29,,,0,ambiguous_name,46215;834764
Bruno Guimarães,br BRA,MF,Newcastle United,eng Premier League,25,1997,37,37,3263,36.3,7,8,15,7,0,0,9,0,0.19,0.22,0.41,0.19,0.41,23/24,48,16,33.3,1.32,0.44,0.15,0.44,0,50,108,0,33,31,52,,,0,ambiguous_name,520624;876750
Liam Henderson,sct SCO,MF,Empoli,it Serie A,27,1996,1,0,5,0.1,0,0,0,0,0,0,0,0,0.0,0.0,0.0,0.0,0.0,23/24,0,0,,0.0,0.0,,,0,0,0,0,1,0,0,,,0,ambiguous_name,80593;193867;328429
Henrique,br BRA,"DF,MF",Lyon,fr Ligue 1,29,1994,11,6,607,6.7,1,0,1,1,0,0,2,0,0.15,0.0,0.15,0.15,0.15,23/24,8,3,37.5,1.19,0.44,0.13,0.33,0,6,8,0,17,10,6,,,0,ambiguous_name,52513;57397;86645;109307;153703;226141;982615;989573
Luis Henrique,br BRA,"FW,MF",Marseille,fr Ligue 1,21,2001,15,8,784,8.7,1,0,1,1,0,0,0,0,0.11,0.0,0.11,0.11,0.11,23/24,12,3,25.0,1.38,0.34,0.08,0.33,0,2,2,6,27,8,7,,,0,ambiguous_name,379877;691316
Luiz Henrique,br BRA,MF,Real Betis,es La Liga,22,2001,14,6,616,6.8,0,3,3,0,0,0,1,0,0.0,0.44,0.44,0.0,0.44,23/24,18,4,22.2,2.63,0.58,0.0,0.0,0,7,15,0,24,5,11,,,0,ambiguous_name,200289;530289;631275;689521;703319;800175
Javi Hernández,es ESP,DF,Cádiz,es La Liga,25,1998,30,28,2514,27.9,1,2,3,1,0,0,10,0,0.04,0.07,0.11,0.04,0.11,23/24,30,8,26.7,1.07,0.29,0.03,0.13,0,45,19,1,126,17,23,,,0,ambiguous_name,62917;422466;632893
Luis Hernández,es ESP,DF,Cádiz,es La Liga,34,1989,9,8,723,8.0,1,0,1,1,0,0,4,0,0.12,0.0,0.12,0.12,0.12,23/24,1,1,100.0,0.12,0.12,1.0,1.0,0,8,0,0,2,8,3,,,0,ambiguous_name,62945;427072;533351
Patrick Herrmann,de GER,"FW,MF",Gladbach,de Bundesliga,32,1991,8,0,86,1.0,0,0,0,0,0,0,1,0,0.0,0.0,0.0,0.0,0.0,23/24,4,0,0.0,4.19,0.0,0.0,,0,3,2,0,5,1,4,,,0,ambiguous_name,32711;57101
Adam Hložek,cz CZE,"MF,FW",Leverkusen,de Bundesliga,21,2002,23,5,459,5.1,2,3,5,2,0,0,1,0,0.39,0.59,0.98,0.39,0.98,23/24,18,6,33.3,3.53,1.18,0.11,0.33,0,8,7,1,0,2,4,,,0,ambiguous_name,62800;552057
Jonas Hofmann,de GER,MF,Leverkusen,de Bundesliga,31,1992,32,26,2204,24.5,5,7,12,5,0,0,3,0,0.2,0.29,0.49,0.2,0.49,23/24,60,25,41.7,2.45,1.02,0.08,0.2,0,14,19,13,126,8,14,,,0,ambiguous_name,7161;227085
Iago,br BRA,"DF,MF",Augsburg,de Bundesliga,26,1997,23,18,1622,18.0,1,1,2,1,0,0,4,0,0.06,0.06,0.11,0.06,0.11,23/24,18,7,38.9,1.0,0.39,0.06,0.14,0,15,23,4,45,17,17,,,0,ambiguous_name,519874;520468
Pablo Ibáñez,es ESP,MF,Osasuna,es La Liga,24,1998,33,12,1152,12.8,1,2,3,1,0,0,5,0,0.08,0.16,0.23,0.08,0.23,23/24,27,7,25.9,2.11,0.55,0.04,0.14,0,26,16,2,11,9,8,,,0,ambiguous_name,8116;785353
Igor,br BRA,DF,Brighton,eng Premier League,25,1998,24,17,1637,18.2,0,0,0,0,0,0,4,0,0.0,0.0,0.0,0.0,0.0,23/24,5,0,0.0,0.27,0.0,0.0,,0,21,4,0,1,14,18,,,0,ambiguous_name,13959;26240
Reece James,eng ENG,"DF,MF",Chelsea,eng Premier League,23,1999,10,5,419,4.7,0,2,2,0,0,0,2,2,0.0,0.43,0.43,0.0,0.43,23/24,7,1,14.3,1.5,0.21,0.0,0.0,1,4,5,2,28,3,9,,,0,ambiguous_name,245585;472423
Jeffinho,br BRA,"MF,FW",Lyon,fr Ligue 1,23,1999,10,3,308,3.4,1,1,2,1,0,0,0,0,0.29,0.29,0.58,0.29,0.58,23/24,11,3,27.3,3.21,0.88,0.09,0.33,0,4,5,1,2,0,4,,,0,ambiguous_name,884072;997718
Mathias Jensen,dk DEN,MF,Brentford,eng Premier League,27,1996,32,27,2204,24.5,3,3,6,3,0,0,5,0,0.12,0.12,0.25,0.12,0.25,23/24,14,7,50.0,0.57,0.29,0.21,0.43,0,28,20,1,111,21,33,,,0,ambiguous_name,319859;695210
João Pedro,br BRA,"MF,FW",Brighton,eng Premier League,21,2001,31,19,2045,22.7,9,3,12,5,4,5,2,0,0.4,0.13,0.53,0.22,0.35,23/24,75,26,34.7,3.3,1.14,0.07,0.19,0,19,60,11,29,10,15,,,0,ambiguous_name,25464;44780;129129;298410;342024;351979;376157;428787;626724;658670;689546;862924;867814;876440;987503;992531
Jorginho,it ITA,MF,Arsenal,eng Premier League,31,1991,24,10,921,10.2,0,2,2,0,0,0,1,0,0.0,0.2,0.2,0.0,0.2,23/24,4,0,0.0,0.39,0.0,0.0,,0,9,15,0,3,11,10,,,0,ambiguous_name,17373;28837;102017;112985;155470;462248
Joselu,es ESP,FW,Real Madrid,es La Liga,33,1990,34,15,1687,18.7,10,2,12,10,0,2,1,0,0.53,0.11,0.64,0.53,0.64,23/24,63,29,46.0,3.36,1.55,0.16,0.34,0,10,15,18,6,6,4,,,0,ambiguous_name,72061;81999
Juanmi,es ESP,FW,Cádiz,es La Liga,30,1993,16,9,873,9.7,3,1,4,3,0,0,3,0,0.31,0.1,0.41,0.31,0.41,23/24,14,7,50.0,1.44,0.72,0.21,0.43,0,24,11,13,2,5,4,,,0,ambiguous_name,7484;126737
Juanpe,es ESP,DF,Girona,es La Liga,32,1991,17,6,746,8.3,0,0,0,0,0,0,4,0,0.0,0.0,0.0,0.0,0.0,23/24,4,0,0.0,0.48,0.0,0.0,,0,5,0,1,1,8,8,,,0,ambiguous_name,115333;455066
Koke,es ESP,MF,Atlético Madrid,es La Liga,31,1992,35,32,2493,27.7,0,4,4,0,0,0,5,0,0.0,0.14,0.14,0.0,0.14,23/24,10,2,20.0,0.36,0.07,0.0,0.0,0,19,19,0,10,15,42,,,0,ambiguous_name,16132;74229
Thomas Kristensen,dk DEN,DF,Udinese,it Serie A,21,2002,26,23,2096,23.3,0,1,1,0,0,0,4,1,0.0,0.04,0.04,0.0,0.04,23/24,10,3,30.0,0.43,0.13,0.0,0.0,1,26,7,1,1,29,23,,,0,ambiguous_name,23492;698259
Lázaro,br BRA,MF,Almería,es La Liga,21,2002,14,2,285,3.2,0,0,0,0,0,0,0,0,0.0,0.0,0.0,0.0,0.0,23/24,8,4,50.0,2.53,1.26,0.0,0.0,0,3,7,2,11,1,1,,,0,ambiguous_name,96073;574772
Diego Llorente,es ESP,DF,Roma,it Serie A,29,1993,29,27,2170,24.1,1,1,2,1,0,0,5,0,0.04,0.04,0.08,0.04,0.08,23/24,9,4,44.4,0.37,0.17,0.11,0.25,0,26,23,0,6,22,19,,,0,ambiguous_name,246291;710131
David López,es ESP,DF,Girona,es La Liga,33,1989,25,25,1965,21.8,3,0,3,3,0,0,4,0,0.14,0.0,0.14,0.14,0.14,23/24,16,6,37.5,0.73,0.27,0.19,0.5,0,17,15,1,0,19,21,,,0,ambiguous_name,25462;129444;640985;711963;947431
Diego López,es ESP,"MF,FW",Valencia,es La Liga,21,2002,36,30,2656,29.5,3,6,9,3,0,0,2,0,0.1,0.2,0.3,0.1,0.3,23/24,41,15,36.6,1.39,0.51,0.07,0.2,0,26,31,8,66,21,26,,,0,ambiguous_name,20740;34370;89445;617081;713634
Javi López,es ESP,DF,Alavés,es La Liga,21,2002,32,25,2386,26.5,1,3,4,1,0,0,3,0,0.04,0.11,0.15,0.04,0.15,23/24,18,3,16.7,0.68,0.11,0.06,0.33,0,26,28,1,102,11,12,,,0,ambiguous_name,72310;129653;568158;697631;705401
Lucas,br BRA,DF,Cádiz,es La Liga,22,2001,28,15,1539,17.1,1,0,1,1,0,0,6,0,0.06,0.0,0.06,0.06,0.06,23/24,11,4,36.4,0.64,0.23,0.09,0.25,0,12,6,2,72,14,29,,,0,ambiguous_name,54308;74548;103623;190314;537866;800222
Marcão,br BRA,DF,Sevilla,es La Liga,27,1996,7,3,355,3.9,0,0,0,0,0,0,2,0,0.0,0.0,0.0,0.0,0.0,23/24,0,0,,0.0,0.0,,,0,5,6,0,0,3,6,,,0,ambiguous_name,26255;58149;89561;101473;159976;160188;346072;439022;476102;764266;996242
José Mari,es ESP,MF,Cádiz,es La Liga,35,1987,3,0,14,0.2,0,0,0,0,0,0,1,0,0.0,0.0,0.0,0.0,0.0,23/24,0,0,,0.0,0.0,,,0,1,1,0,0,0,1,,,0,ambiguous_name,6194;51624;225462
Mariano,do DOM,FW,Sevilla,es La Liga,29,1993,9,2,244,2.7,0,0,0,0,0,0,1,0,0.0,0.0,0.0,0.0,0.0,23/24,14,2,14.3,5.16,0.74,0.0,0.0,0,8,1,3,1,0,1,,,0,ambiguous_name,54155;71497
Marquinhos,br BRA,DF,Paris Saint-Germain,fr Ligue 1,29,1994,21,18,1537,17.1,0,1,1,0,0,0,1,0,0.0,0.06,0.06,0.0,0.06,23/24,4,0,0.0,0.23,0.0,0.0,,0,3,3,2,0,17,11,,,0,ambiguous_name,97;54132;74567;82972;181767;516722;582301;668268;705180;871802
Marquinhos,br BRA,MF,Nantes,fr Ligue 1,20,2003,7,1,154,1.7,0,0,0,0,0,0,0,0,0.0,0.0,0.0,0.0,0.0,23/24,5,1,20.0,2.92,0.58,0.0,0.0,0,7,6,1,5,5,2,,,0,ambiguous_name,97;54132;74567;82972;181767;516722;582301;668268;705180;871802
Iván Martín,es ESP,MF,Girona,es La Liga,24,1999,36,33,2729,30.3,5,4,9,5,0,0,5,0,0.16,0.13,0.3,0.16,0.3,23/24,19,11,57.9,0.63,0.36,0.26,0.45,0,27,34,4,10,23,25,,,0,ambiguous_name,339752;341278
Gabriel Martinelli,br BRA,FW,Arsenal,eng Premier League,22,2001,35,24,2019,22.4,6,4,10,6,0,0,1,0,0.27,0.18,0.45,0.27,0.45,23/24,58,22,37.9,2.59,0.98,0.1,0.27,0,23,24,10,109,4,23,,,0,ambiguous_name,655488;1050805
Pasquale Mazzocchi,it ITA,"MF,DF",Salernitana,it Serie A,28,1995,18,16,1272,14.1,0,1,1,0,0,0,4,0,0.0,0.07,0.07,0.0,0.07,23/24,8,1,12.5,0.57,0.07,0.0,0.0,0,23,9,3,44,4,18,,,0,ambiguous_name,250153;1248542
Pasquale Mazzocchi,it ITA,"DF,MF",Napoli,it Serie A,28,1995,10,4,428,4.8,0,1,1,0,0,0,0,1,0.0,0.21,0.21,0.0,0.21,23/24,5,1,20.0,1.05,0.21,0.0,0.0,0,9,7,0,14,1,3,,,0,ambiguous_name,250153;1248542
Nuno Mendes,pt POR,DF,Paris Saint-Germain,fr Ligue 1,21,2002,6,2,267,3.0,1,1,2,1,0,0,3,0,0.34,0.34,0.67,0.34,0.67,23/24,4,1,25.0,1.35,0.34,0.25,1.0,0,6,1,0,7,4,5,,,0,ambiguous_name,14345;616341
Formose Mendy,sn SEN,DF,Lorient,fr Ligue 1,22,2001,18,13,1256,14.0,0,0,0,0,0,0,6,0,0.0,0.0,0.0,0.0,0.0,23/24,7,2,28.6,0.5,0.14,0.0,0.0,0,17,11,0,13,20,19,,,1,ambiguous_name,127191;649023
Miguel,es ESP,FW,Alavés,es La Liga,23,1999,3,1,65,0.7,0,0,0,0,0,0,0,0,0.0,0.0,0.0,0.0,0.0,23/24,2,1,50.0,2.77,1.38,0.0,0.0,0,2,3,0,0,0,0,,,0,ambiguous_name,13225;984063
Alberto Moreno,es ESP,DF,Villarreal,es La Liga,31,1992,27,17,1484,16.5,2,2,4,2,0,0,5,2,0.12,0.12,0.24,0.12,0.24,23/24,17,5,29.4,1.03,0.3,0.12,0.4,2,24,14,5,50,21,20,,,0,ambiguous_name,207917;568149
Iker Muñoz,es ESP,MF,Osasuna,es La Liga,20,2002,28,20,1854,20.6,4,0,4,4,0,0,5,0,0.19,0.0,0.19,0.19,0.19,23/24,23,6,26.1,1.12,0.29,0.17,0.67,0,37,55,0,13,11,17,,,0,ambiguous_name,710677;803003;916362
Murillo,br BRA,DF,Nottingham Forest,eng Premier League,21,2002,32,32,2789,31.0,0,2,2,0,0,0,5,0,0.0,0.06,0.06,0.0,0.06,23/24,17,6,35.3,0.55,0.19,0.0,0.0,0,38,7,0,3,40,33,,,1,ambiguous_name,637993;1005649
Patric,es ESP,DF,Lazio,it Serie A,30,1993,20,19,1608,17.9,2,0,2,2,0,0,4,0,0.11,0.0,0.11,0.11,0.11,23/24,6,2,33.3,0.34,0.11,0.33,1.0,0,8,6,0,11,4,8,,,0,ambiguous_name,95087;126729;174947
Mads Pedersen,dk DEN,"DF,MF",Augsburg,de Bundesliga,26,1996,27,19,1786,19.8,1,1,2,1,0,0,5,1,0.05,0.05,0.1,0.05,0.1,23/24,14,1,7.1,0.71,0.05,0.07,1.0,0,34,26,2,54,18,40,,,0,ambiguous_name,148369;288429
Marcus Pedersen,no NOR,DF,Sassuolo,it Serie A,23,2000,28,16,1613,17.9,0,2,2,0,0,0,4,0,0.0,0.11,0.11,0.0,0.11,23/24,3,0,0.0,0.17,0.0,0.0,,0,13,9,0,57,10,24,,,0,ambiguous_name,41609;583404
Pedro,es ESP,FW,Lazio,it Serie A,36,1987,33,5,816,9.1,1,1,2,1,0,0,4,0,0.11,0.11,0.22,0.11,0.22,23/24,11,4,36.4,1.21,0.44,0.09,0.25,0,13,19,4,19,2,12,,,0,ambiguous_name,57840;65278;432895;1004741
Lorenzo Pellegrini,it ITA,MF,Roma,it Serie A,27,1996,29,20,1859,20.7,8,3,11,7,1,1,7,0,0.39,0.15,0.53,0.34,0.48,23/24,47,20,42.6,2.28,0.97,0.15,0.35,0,26,35,3,76,20,20,,,0,ambiguous_name,286297;889687
Pedro Pereira,pt POR,"MF,DF",Monza,it Serie A,25,1998,23,9,841,9.3,0,2,2,0,0,0,3,0,0.0,0.21,0.21,0.0,0.21,23/24,3,0,0.0,0.32,0.0,0.0,,0,11,3,1,37,4,13,,,0,ambiguous_name,314965;567522
Aaron Ramsey,eng ENG,MF,Burnley,eng Premier League,20,2003,14,5,527,5.9,0,0,0,0,0,0,1,0,0.0,0.0,0.0,0.0,0.0,23/24,6,2,33.3,1.02,0.34,0.0,0.0,0,7,3,1,2,1,14,,,0,ambiguous_name,50057;646658
Raphinha,br BRA,"FW,MF",Barcelona,es La Liga,26,1996,28,17,1368,15.2,6,9,15,5,1,1,4,1,0.39,0.59,0.99,0.33,0.92,23/24,59,22,37.3,3.88,1.45,0.08,0.23,0,17,25,7,81,13,8,,,0,ambiguous_name,411295;796604
Jack Robinson,eng ENG,DF,Sheffield United,eng Premier League,29,1993,34,31,2885,32.1,1,1,2,1,0,0,10,0,0.03,0.03,0.06,0.03,0.06,23/24,14,6,42.9,0.44,0.19,0.07,0.17,0,19,16,1,12,29,30,,,2,ambiguous_name,128909;533474
Rodri,es ESP,MF,Real Betis,es La Liga,23,2000,29,9,1051,11.7,0,0,0,0,0,0,0,0,0.0,0.0,0.0,0.0,0.0,23/24,18,5,27.8,1.54,0.43,0.0,0.0,0,6,29,4,36,8,11,,,0,ambiguous_name,8163;70912;357565;380952;858250
Rodri,es ESP,"MF,DF",Manchester City,eng Premier League,27,1996,34,34,2931,32.6,8,9,17,8,0,0,8,1,0.25,0.28,0.52,0.25,0.52,23/24,62,22,35.5,1.9,0.68,0.13,0.36,0,41,35,6,12,25,43,,,0,ambiguous_name,8163;70912;357565;380952;858250
Dani Rodríguez,es ESP,MF,Mallorca,es La Liga,35,1988,36,31,2615,29.1,2,4,6,2,0,0,9,0,0.07,0.14,0.21,0.07,0.21,23/24,27,4,14.8,0.93,0.14,0.07,0.5,0,61,43,7,166,14,26,,,0,ambiguous_name,139435;834470
Miguel Rodríguez,es ESP,MF,Celta Vigo,es La Liga,20,2003,15,2,300,3.3,0,0,0,0,0,0,2,0,0.0,0.0,0.0,0.0,0.0,23/24,6,0,0.0,1.8,0.0,0.0,,0,16,11,0,11,4,3,,,0,ambiguous_name,634427;1087262
Ricardo Rodríguez,ch SUI,"DF,MF",Torino,it Serie A,30,1992,35,34,2772,30.8,1,2,3,1,0,0,4,0,0.03,0.06,0.1,0.03,0.1,23/24,11,2,18.2,0.36,0.06,0.09,0.5,0,25,9,1,56,26,27,,,0,ambiguous_name,86784;820227
Rogério,br BRA,"DF,MF",Wolfsburg,de Bundesliga,25,1998,13,10,906,10.1,1,0,1,1,0,0,0,0,0.1,0.0,0.1,0.1,0.1,23/24,4,2,50.0,0.4,0.2,0.25,0.5,0,7,12,0,27,3,8,,,0,ambiguous_name,13197;160866;175256;357788;401527
Ruan,br BRA,DF,Sassuolo,it Serie A,24,1999,26,16,1516,16.8,0,0,0,0,0,0,7,1,0.0,0.0,0.0,0.0,0.0,23/24,7,2,28.6,0.42,0.12,0.0,0.0,1,23,12,0,2,23,14,,,0,ambiguous_name,162937;520491;555015;1053933
Antonio Sánchez,es ESP,MF,Mallorca,es La Liga,26,1997,29,21,1452,16.1,3,1,4,3,0,0,3,0,0.19,0.06,0.25,0.19,0.25,23/24,23,9,39.1,1.43,0.56,0.13,0.33,0,26,13,1,34,12,12,,,0,ambiguous_name,513031;833271;881217
Manu Sánchez,es ESP,"DF,MF",Celta Vigo,es La Liga,22,2000,26,20,1775,19.7,0,5,5,0,0,0,3,0,0.0,0.25,0.25,0.0,0.25,23/24,9,2,22.2,0.46,0.1,0.0,0.0,0,21,5,0,57,19,32,,,0,ambiguous_name,7785;374142;618809
Alex Sandro,br BRA,DF,Juventus,it Serie A,32,1991,16,8,721,8.0,1,0,1,1,0,0,1,0,0.12,0.0,0.12,0.12,0.12,23/24,5,1,20.0,0.62,0.12,0.2,1.0,0,18,12,0,5,18,8,,,0,ambiguous_name,79960;552892
Ibrahim Sangaré,ci CIV,MF,Nottingham Forest,eng Premier League,25,1997,17,13,1035,11.5,0,0,0,0,0,0,6,0,0.0,0.0,0.0,0.0,0.0,23/24,8,0,0.0,0.7,0.0,0.0,,0,22,9,2,2,14,22,,,0,ambiguous_name,160871;375885
Tiago Santos,pt POR,DF,Lille,fr Ligue 1,21,2002,29,26,2365,26.3,1,2,3,1,0,0,6,0,0.04,0.08,0.11,0.04,0.11,23/24,33,7,21.2,1.26,0.27,0.03,0.14,0,38,87,0,83,14,40,,,0,ambiguous_name,79188;153697;346922;385648;405769
Stefan Savić,me MNE,DF,Atlético Madrid,es La Liga,32,1991,23,19,1630,18.1,0,0,0,0,0,0,7,1,0.0,0.0,0.0,0.0,0.0,23/24,5,1,20.0,0.28,0.06,0.0,0.0,1,16,6,1,4,25,18,,,0,ambiguous_name,107010;120192
Sávio,br BRA,"MF,FW",Girona,es La Liga,19,2004,37,35,2976,33.1,9,10,19,9,0,0,5,0,0.27,0.3,0.57,0.27,0.57,23/24,45,20,44.4,1.36,0.6,0.2,0.45,0,30,66,16,122,20,26,,,0,ambiguous_name,7976;554996;607093
André Silva,pt POR,FW,Real Sociedad,es La Liga,27,1995,19,9,729,8.1,3,0,3,2,1,1,1,0,0.37,0.0,0.37,0.25,0.25,23/24,16,6,37.5,1.98,0.74,0.13,0.33,0,14,8,5,0,1,2,,,0,ambiguous_name,198008;565232;650165
Thiago Silva,br BRA,DF,Chelsea,eng Premier League,38,1984,31,28,2527,28.1,3,1,4,3,0,0,4,0,0.11,0.04,0.14,0.11,0.14,23/24,14,4,28.6,0.5,0.14,0.21,0.75,0,10,7,1,4,25,15,,,0,ambiguous_name,29241;68293;294817
Adam Smith,eng ENG,DF,Bournemouth,eng Premier League,32,1991,28,25,2150,23.9,0,2,2,0,0,0,6,0,0.0,0.08,0.08,0.0,0.08,23/24,2,0,0.0,0.08,0.0,0.0,,0,30,22,1,39,21,23,,,0,ambiguous_name,61841;163532
Mamadou Sylla,sn SEN,FW,Alavés,es La Liga,29,1994,2,0,18,0.2,0,0,0,0,0,0,0,0,0.0,0.0,0.0,0.0,0.0,23/24,0,0,,0.0,0.0,,,0,1,2,0,0,0,0,,,0,ambiguous_name,166683;654177;776892
Malick Thiaw,de GER,DF,Milan,it Serie A,21,2001,21,19,1619,18.0,0,1,1,0,0,0,5,1,0.0,0.06,0.06,0.0,0.06,23/24,5,1,20.0,0.28,0.06,0.0,0.0,0,31,7,0,0,16,18,,,1,ambiguous_name,521964;1063838
Luke Thomas,eng ENG,"MF,DF",Sheffield United,eng Premier League,22,2001,12,11,917,10.2,0,0,0,0,0,0,3,0,0.0,0.0,0.0,0.0,0.0,23/24,6,1,16.7,0.59,0.1,0.0,0.0,0,10,13,0,13,10,9,,,0,ambiguous_name,399473;505194
Pau Torres,es ESP,DF,Aston Villa,eng Premier League,26,1997,29,27,2464,27.4,2,0,2,2,0,0,1,0,0.07,0.0,0.07,0.07,0.07,23/24,12,5,41.7,0.44,0.18,0.17,0.4,0,17,10,2,8,11,16,,,0,ambiguous_name,65302;399776
Adama Traoré,es ESP,MF,Fulham,eng Premier League,27,1996,17,1,377,4.2,2,3,5,2,0,0,2,0,0.48,0.72,1.19,0.48,1.19,23/24,11,7,63.6,2.63,1.67,0.18,0.29,0,5,4,0,26,1,3,,,0,ambiguous_name,70209;204103;262608;364405
Tuta,br BRA,"DF,MF",Eintracht Frankfurt,de Bundesliga,24,1999,30,30,2600,28.9,1,2,3,1,0,0,3,2,0.03,0.07,0.1,0.03,0.1,23/24,18,7,38.9,0.62,0.24,0.06,0.14,1,28,16,0,11,34,34,,,0,ambiguous_name,29673;546213
Enes Ünal,tr TUR,FW,Bournemouth,eng Premier League,26,1997,16,2,328,3.6,2,2,4,2,0,0,1,0,0.55,0.55,1.1,0.55,1.1,23/24,23,11,47.8,6.31,3.02,0.09,0.18,0,10,9,6,3,1,4,,,0,ambiguous_name,251106;288697
Enes Ünal,tr TUR,FW,Getafe,es La Liga,26,1997,3,1,140,1.6,0,1,1,0,0,0,0,0,0.0,0.64,0.64,0.0,0.64,23/24,1,0,0.0,0.64,0.0,0.0,,0,5,5,4,1,0,0,,,0,ambiguous_name,251106;288697
Vanderson,br BRA,"MF,DF",Monaco,fr Ligue 1,22,2001,20,20,1641,18.2,3,1,4,3,0,0,6,1,0.16,0.05,0.22,0.16,0.22,23/24,30,10,33.3,1.65,0.55,0.1,0.3,1,45,17,1,48,34,40,,,0,ambiguous_name,56761;789082
Jesus Vazquez,es ESP,DF,Valencia,es La Liga,20,2003,20,6,716,8.0,1,0,1,1,0,0,1,0,0.13,0.0,0.13,0.13,0.13,23/24,7,2,28.6,0.88,0.25,0.14,0.5,0,8,7,1,18,3,10,,,0,ambiguous_name,210126;553007;623024
Vitinha,pt POR,FW,Marseille,fr Ligue 1,23,2000,18,10,923,10.3,3,2,5,3,0,0,1,0,0.29,0.2,0.49,0.29,0.49,23/24,37,9,24.3,3.61,0.88,0.08,0.33,0,16,23,6,18,5,8,,,0,ambiguous_name,24728;24955;334972;487469;586853
Vitinha,pt POR,"MF,FW",Genoa,it Serie A,23,2000,9,2,285,3.2,2,0,2,2,0,0,2,0,0.63,0.0,0.63,0.63,0.63,23/24,14,5,35.7,4.42,1.58,0.14,0.4,0,10,8,2,9,0,2,,,0,ambiguous_name,24728;24955;334972;487469;586853
Vitinha,pt POR,MF,Paris Saint-Germain,fr Ligue 1,23,2000,28,23,2126,23.6,7,4,11,7,0,0,0,0,0.3,0.17,0.47,0.3,0.47,23/24,45,19,42.2,1.9,0.8,0.16,0.37,0,17,16,1,37,22,23,,,0,ambiguous_name,24728;24955;334972;487469;586853
Vitinho,br BRA,"DF,MF",Burnley,eng Premier League,24,1999,32,26,2314,25.7,0,2,2,0,0,0,1,0,0.0,0.08,0.08,0.0,0.08,23/24,25,4,16.0,0.97,0.16,0.0,0.0,0,27,28,6,55,9,34,,,0,ambiguous_name,213605;306820;323944;354595;468249;625373;670965;693251;706740;796742;813048;813117;834898;866827;872134;1072630
